{
"type": "FeatureCollection",
"name": "routes",
"crs": { "type": "name", "properties": { "name": "urn:ogc:def:crs:OGC:1.3:CRS84" } },
"features": [
{ "type": "Feature", "properties": { "feature_type": "route", "store": "Safeway (1855 WISCONSIN AVENUE NW)", "trip": 1, "sequence": null, "address": null, "distance_km": 19.54, "duration_min": 50.0 }, "geometry": { "type": "LineString", "coordinates": [ [ -77.06794, 38.91595 ], [ -77.0678, 38.91576 ], [ -77.06791, 38.9157 ], [ -77.06794, 38.91564 ], [ -77.06793, 38.91507 ], [ -77.06793, 38.91501 ], [ -77.06792, 38.91498 ], [ -77.06792, 38.91487 ], [ -77.06791, 38.91421 ], [ -77.0679, 38.9137 ], [ -77.0679, 38.91309 ], [ -77.06789, 38.91272 ], [ -77.06788, 38.91173 ], [ -77.06787, 38.91097 ], [ -77.06786, 38.91073 ], [ -77.06786, 38.91029 ], [ -77.06785, 38.90975 ], [ -77.06705, 38.90977 ], [ -77.0661, 38.90979 ], [ -77.06549, 38.9098 ], [ -77.06518, 38.90981 ], [ -77.06471, 38.90981 ], [ -77.06463, 38.90983 ], [ -77.06493, 38.91041 ], [ -77.06472, 38.91042 ], [ -77.0645, 38.91043 ], [ -77.06445, 38.91044 ], [ -77.0643, 38.91044 ], [ -77.06383, 38.91047 ], [ -77.06323, 38.91048 ], [ -77.06253, 38.91049 ], [ -77.06196, 38.91049 ], [ -77.06107, 38.91051 ], [ -77.05926, 38.91053 ], [ -77.05821, 38.91054 ], [ -77.0582, 38.91006 ], [ -77.05818, 38.90935 ], [ -77.05816, 38.90851 ], [ -77.05815, 38.90769 ], [ -77.05813, 38.90717 ], [ -77.05813, 38.90686 ], [ -77.05812, 38.90609 ], [ -77.05812, 38.9056 ], [ -77.05812, 38.90557 ], [ -77.05812, 38.90524 ], [ -77.05811, 38.90483 ], [ -77.05808, 38.90409 ], [ -77.05808, 38.90393 ], [ -77.05807, 38.90345 ], [ -77.05807, 38.9031 ], [ -77.05806, 38.90255 ], [ -77.05782, 38.90255 ], [ -77.05757, 38.90254 ], [ -77.05721, 38.90254 ], [ -77.05704, 38.90254 ], [ -77.05676, 38.90254 ], [ -77.05671, 38.90254 ], [ -77.05642, 38.90252 ], [ -77.05622, 38.90247 ], [ -77.05609, 38.90242 ], [ -77.05609, 38.90193 ], [ -77.05611, 38.90179 ], [ -77.05612, 38.90146 ], [ -77.05611, 38.90115 ], [ -77.05611, 38.90104 ], [ -77.05611, 38.90087 ], [ -77.05609, 38.90068 ], [ -77.05608, 38.90045 ], [ -77.05608, 38.90035 ], [ -77.05555, 38.90006 ], [ -77.05562, 38.89999 ], [ -77.05584, 38.89977 ], [ -77.05587, 38.89971 ], [ -77.05593, 38.89957 ], [ -77.05587, 38.89971 ], [ -77.05584, 38.89977 ], [ -77.05562, 38.89999 ], [ -77.05555, 38.90006 ], [ -77.05492, 38.89971 ], [ -77.05457, 38.89952 ], [ -77.05385, 38.89912 ], [ -77.05314, 38.89874 ], [ -77.05316, 38.89885 ], [ -77.05322, 38.89909 ], [ -77.05315, 38.89923 ], [ -77.05305, 38.89935 ], [ -77.05284, 38.89958 ], [ -77.05143, 38.89958 ], [ -77.05013, 38.89958 ], [ -77.04947, 38.89958 ], [ -77.04884, 38.89958 ], [ -77.04883, 38.9007 ], [ -77.04883, 38.901 ], [ -77.04882, 38.90192 ], [ -77.04882, 38.90209 ], [ -77.04882, 38.9024 ], [ -77.04882, 38.90265 ], [ -77.04882, 38.90354 ], [ -77.04882, 38.90374 ], [ -77.04881, 38.90393 ], [ -77.04881, 38.90443 ], [ -77.04881, 38.90472 ], [ -77.04881, 38.90488 ], [ -77.04881, 38.90506 ], [ -77.04881, 38.90526 ], [ -77.04881, 38.90621 ], [ -77.04881, 38.90644 ], [ -77.0488, 38.90725 ], [ -77.0488, 38.9077 ], [ -77.0488, 38.90791 ], [ -77.0488, 38.90801 ], [ -77.0488, 38.90819 ], [ -77.0488, 38.90857 ], [ -77.0488, 38.90901 ], [ -77.0488, 38.9092 ], [ -77.0488, 38.90927 ], [ -77.0488, 38.90948 ], [ -77.0488, 38.90964 ], [ -77.04879, 38.91039 ], [ -77.04878, 38.91056 ], [ -77.04877, 38.91068 ], [ -77.04874, 38.91114 ], [ -77.04874, 38.91137 ], [ -77.04871, 38.91148 ], [ -77.04881, 38.91151 ], [ -77.04891, 38.91155 ], [ -77.0491, 38.91161 ], [ -77.04929, 38.91168 ], [ -77.04966, 38.91181 ], [ -77.04989, 38.91189 ], [ -77.04992, 38.9119 ], [ -77.05018, 38.91206 ], [ -77.05025, 38.91215 ], [ -77.05029, 38.91226 ], [ -77.05035, 38.91234 ], [ -77.05045, 38.91241 ], [ -77.05057, 38.91245 ], [ -77.05063, 38.91246 ], [ -77.05098, 38.91252 ], [ -77.05124, 38.91261 ], [ -77.05132, 38.91264 ], [ -77.05142, 38.91272 ], [ -77.05147, 38.91275 ], [ -77.05153, 38.9128 ], [ -77.05159, 38.91284 ], [ -77.05169, 38.91291 ], [ -77.05173, 38.91294 ], [ -77.05186, 38.91303 ], [ -77.05188, 38.91305 ], [ -77.05194, 38.91309 ], [ -77.05222, 38.9133 ], [ -77.0523, 38.91335 ], [ -77.05241, 38.91344 ], [ -77.05243, 38.91345 ], [ -77.05247, 38.91348 ], [ -77.0526, 38.91358 ], [ -77.05265, 38.91361 ], [ -77.0526, 38.91374 ], [ -77.0526, 38.9141 ], [ -77.0526, 38.91484 ], [ -77.0526, 38.91558 ], [ -77.0526, 38.9163 ], [ -77.05261, 38.91701 ], [ -77.05304, 38.91701 ], [ -77.05261, 38.91701 ], [ -77.05121, 38.91701 ], [ -77.05103, 38.91701 ], [ -77.05082, 38.91701 ], [ -77.05062, 38.91701 ], [ -77.05064, 38.91721 ], [ -77.05074, 38.91756 ], [ -77.05085, 38.91778 ], [ -77.05057, 38.91782 ], [ -77.04977, 38.91807 ], [ -77.04944, 38.91817 ], [ -77.04892, 38.91833 ], [ -77.04879, 38.91837 ], [ -77.04848, 38.91846 ], [ -77.04796, 38.91862 ], [ -77.04832, 38.91873 ], [ -77.04853, 38.91879 ], [ -77.04864, 38.91883 ], [ -77.04875, 38.91888 ], [ -77.04883, 38.91894 ], [ -77.04902, 38.91927 ], [ -77.04906, 38.91933 ], [ -77.04917, 38.91951 ], [ -77.05016, 38.92121 ], [ -77.05112, 38.92285 ], [ -77.05123, 38.92306 ], [ -77.05151, 38.92354 ], [ -77.05224, 38.92478 ], [ -77.05235, 38.92498 ], [ -77.05268, 38.92554 ], [ -77.05351, 38.92565 ], [ -77.0536, 38.92566 ], [ -77.05409, 38.92573 ], [ -77.05535, 38.92589 ], [ -77.05581, 38.92596 ], [ -77.05644, 38.92604 ], [ -77.05711, 38.92612 ], [ -77.05764, 38.92619 ], [ -77.05813, 38.92625 ], [ -77.05827, 38.92628 ], [ -77.05829, 38.92621 ], [ -77.05829, 38.92596 ], [ -77.05829, 38.92503 ], [ -77.05866, 38.92473 ], [ -77.05868, 38.92469 ], [ -77.05866, 38.92463 ], [ -77.0584, 38.92442 ], [ -77.05836, 38.92441 ], [ -77.0583, 38.92443 ], [ -77.05829, 38.92494 ], [ -77.05829, 38.92503 ], [ -77.05829, 38.92596 ], [ -77.05829, 38.92621 ], [ -77.05827, 38.92628 ], [ -77.05871, 38.9264 ], [ -77.05901, 38.92653 ], [ -77.05936, 38.92673 ], [ -77.05968, 38.92697 ], [ -77.05998, 38.92722 ], [ -77.06021, 38.92736 ], [ -77.0604, 38.92743 ], [ -77.06059, 38.92749 ], [ -77.06091, 38.92753 ], [ -77.06136, 38.92753 ], [ -77.06226, 38.92753 ], [ -77.06273, 38.92753 ], [ -77.06326, 38.92753 ], [ -77.06367, 38.92753 ], [ -77.06481, 38.92753 ], [ -77.06526, 38.92753 ], [ -77.06589, 38.92753 ], [ -77.06639, 38.92753 ], [ -77.06638, 38.92711 ], [ -77.06638, 38.92675 ], [ -77.06638, 38.92661 ], [ -77.06638, 38.92619 ], [ -77.06638, 38.92577 ], [ -77.06638, 38.92472 ], [ -77.06637, 38.92432 ], [ -77.06656, 38.92434 ], [ -77.06681, 38.92437 ], [ -77.06717, 38.92443 ], [ -77.06727, 38.92435 ], [ -77.06736, 38.92431 ], [ -77.06796, 38.92421 ], [ -77.06821, 38.92415 ], [ -77.06871, 38.92399 ], [ -77.069, 38.92386 ], [ -77.06943, 38.92362 ], [ -77.06964, 38.92347 ], [ -77.0699, 38.92324 ], [ -77.07019, 38.92292 ], [ -77.07041, 38.92258 ], [ -77.07046, 38.92255 ], [ -77.07051, 38.92255 ], [ -77.07088, 38.92255 ], [ -77.07174, 38.92254 ], [ -77.07225, 38.92254 ], [ -77.07236, 38.92254 ], [ -77.07291, 38.92254 ], [ -77.07319, 38.92254 ], [ -77.07381, 38.92255 ], [ -77.0747, 38.92255 ], [ -77.07431, 38.92186 ], [ -77.074, 38.92132 ], [ -77.07364, 38.92069 ], [ -77.07392, 38.92069 ], [ -77.07392, 38.92029 ], [ -77.07442, 38.9203 ], [ -77.07482, 38.92029 ], [ -77.07489, 38.92029 ], [ -77.07519, 38.92019 ], [ -77.07501, 38.91988 ], [ -77.07483, 38.91957 ], [ -77.07474, 38.9194 ], [ -77.07438, 38.91953 ], [ -77.07421, 38.91956 ], [ -77.07409, 38.91956 ], [ -77.074, 38.91958 ], [ -77.07442, 38.9203 ], [ -77.07392, 38.92029 ], [ -77.07392, 38.92069 ], [ -77.07364, 38.92069 ], [ -77.074, 38.92132 ], [ -77.07431, 38.92186 ], [ -77.0747, 38.92255 ], [ -77.075, 38.92307 ], [ -77.07531, 38.92364 ], [ -77.07566, 38.92426 ], [ -77.07573, 38.92438 ], [ -77.07597, 38.92481 ], [ -77.0761, 38.92503 ], [ -77.07621, 38.92514 ], [ -77.07631, 38.92519 ], [ -77.07649, 38.92525 ], [ -77.07768, 38.92562 ], [ -77.07774, 38.92563 ], [ -77.078, 38.92572 ], [ -77.07818, 38.92577 ], [ -77.07836, 38.9258 ], [ -77.07888, 38.92583 ], [ -77.07899, 38.92586 ], [ -77.07933, 38.92589 ], [ -77.0799, 38.92594 ], [ -77.08045, 38.92598 ], [ -77.08105, 38.92603 ], [ -77.08128, 38.92608 ], [ -77.08139, 38.92612 ], [ -77.08154, 38.92621 ], [ -77.08182, 38.92648 ], [ -77.08262, 38.92786 ], [ -77.08302, 38.92764 ], [ -77.08316, 38.92758 ], [ -77.08341, 38.92753 ], [ -77.08381, 38.92753 ], [ -77.0845, 38.92753 ], [ -77.08449, 38.92782 ], [ -77.08453, 38.92787 ], [ -77.08515, 38.9281 ], [ -77.08527, 38.92811 ], [ -77.08515, 38.9281 ], [ -77.08453, 38.92787 ], [ -77.08449, 38.92782 ], [ -77.0845, 38.92753 ], [ -77.08621, 38.92753 ], [ -77.08621, 38.9267 ], [ -77.08621, 38.92634 ], [ -77.08621, 38.92548 ], [ -77.08622, 38.9252 ], [ -77.08628, 38.92495 ], [ -77.08654, 38.9243 ], [ -77.08683, 38.92365 ], [ -77.08698, 38.92329 ], [ -77.08702, 38.92302 ], [ -77.08702, 38.92273 ], [ -77.08697, 38.92247 ], [ -77.08686, 38.92225 ], [ -77.08675, 38.92208 ], [ -77.0865, 38.92178 ], [ -77.08633, 38.92156 ], [ -77.08623, 38.9214 ], [ -77.08613, 38.92118 ], [ -77.08646, 38.92113 ], [ -77.08662, 38.92112 ], [ -77.08669, 38.92114 ], [ -77.08662, 38.92112 ], [ -77.08646, 38.92113 ], [ -77.08613, 38.92118 ], [ -77.08623, 38.9214 ], [ -77.08633, 38.92156 ], [ -77.0865, 38.92178 ], [ -77.08675, 38.92208 ], [ -77.08686, 38.92225 ], [ -77.08697, 38.92247 ], [ -77.08702, 38.92273 ], [ -77.08702, 38.92302 ], [ -77.08698, 38.92329 ], [ -77.08683, 38.92365 ], [ -77.08654, 38.9243 ], [ -77.08689, 38.92439 ], [ -77.08708, 38.92447 ], [ -77.08727, 38.92456 ], [ -77.0875, 38.92471 ], [ -77.08773, 38.92483 ], [ -77.08791, 38.92489 ], [ -77.08899, 38.92513 ], [ -77.08923, 38.92515 ], [ -77.08994, 38.92511 ], [ -77.0899, 38.92478 ], [ -77.08984, 38.9243 ], [ -77.08983, 38.92419 ], [ -77.08981, 38.92404 ], [ -77.0898, 38.92392 ], [ -77.08978, 38.92378 ], [ -77.08977, 38.92374 ], [ -77.08977, 38.92368 ], [ -77.08975, 38.9236 ], [ -77.08973, 38.9234 ], [ -77.08972, 38.92328 ], [ -77.08956, 38.92258 ], [ -77.0894, 38.92194 ], [ -77.08934, 38.92171 ], [ -77.0893, 38.92153 ], [ -77.08911, 38.92104 ], [ -77.0889, 38.92053 ], [ -77.0888, 38.92029 ], [ -77.08875, 38.92008 ], [ -77.08875, 38.91917 ], [ -77.08877, 38.91804 ], [ -77.08878, 38.91729 ], [ -77.08872, 38.91663 ], [ -77.0887, 38.91644 ], [ -77.08862, 38.91613 ], [ -77.08849, 38.91586 ], [ -77.0883, 38.91557 ], [ -77.08813, 38.91538 ], [ -77.08797, 38.91523 ], [ -77.08764, 38.91499 ], [ -77.08739, 38.91487 ], [ -77.08714, 38.91475 ], [ -77.08674, 38.91453 ], [ -77.08642, 38.91431 ], [ -77.08589, 38.91387 ], [ -77.08561, 38.91361 ], [ -77.08543, 38.9134 ], [ -77.08533, 38.91325 ], [ -77.08522, 38.91298 ], [ -77.08522, 38.91295 ], [ -77.08524, 38.91292 ], [ -77.08522, 38.91286 ], [ -77.08526, 38.91277 ], [ -77.08533, 38.9127 ], [ -77.08543, 38.91268 ], [ -77.0855, 38.91269 ], [ -77.08556, 38.91267 ], [ -77.08585, 38.9128 ], [ -77.08596, 38.91286 ], [ -77.08658, 38.9132 ], [ -77.087, 38.91337 ], [ -77.08898, 38.91383 ], [ -77.08935, 38.91394 ], [ -77.08942, 38.91386 ], [ -77.08971, 38.91367 ], [ -77.08942, 38.91386 ], [ -77.08935, 38.91394 ], [ -77.08898, 38.91383 ], [ -77.087, 38.91337 ], [ -77.08658, 38.9132 ], [ -77.08596, 38.91286 ], [ -77.08585, 38.9128 ], [ -77.08556, 38.91267 ], [ -77.08553, 38.91262 ], [ -77.08528, 38.91247 ], [ -77.08509, 38.91238 ], [ -77.08505, 38.91223 ], [ -77.08499, 38.9121 ], [ -77.08496, 38.91205 ], [ -77.0849, 38.91203 ], [ -77.08488, 38.912 ], [ -77.08467, 38.91171 ], [ -77.08464, 38.91167 ], [ -77.08462, 38.91164 ], [ -77.08445, 38.91142 ], [ -77.08438, 38.91132 ], [ -77.08416, 38.91103 ], [ -77.0841, 38.91094 ], [ -77.08389, 38.91066 ], [ -77.08356, 38.91021 ], [ -77.08348, 38.91009 ], [ -77.08312, 38.90962 ], [ -77.0828, 38.90919 ], [ -77.08312, 38.90962 ], [ -77.08348, 38.91009 ], [ -77.08356, 38.91021 ], [ -77.08389, 38.91066 ], [ -77.0841, 38.91094 ], [ -77.08416, 38.91103 ], [ -77.08438, 38.91132 ], [ -77.08445, 38.91142 ], [ -77.08462, 38.91164 ], [ -77.08464, 38.91167 ], [ -77.08467, 38.91171 ], [ -77.08488, 38.912 ], [ -77.0849, 38.91203 ], [ -77.08488, 38.91208 ], [ -77.08489, 38.91222 ], [ -77.08485, 38.91226 ], [ -77.08476, 38.91231 ], [ -77.08455, 38.91234 ], [ -77.0845, 38.91238 ], [ -77.08434, 38.91241 ], [ -77.08296, 38.91266 ], [ -77.08265, 38.91268 ], [ -77.08196, 38.91268 ], [ -77.08161, 38.91268 ], [ -77.07922, 38.9127 ], [ -77.07894, 38.9127 ], [ -77.07872, 38.9127 ], [ -77.07853, 38.9127 ], [ -77.07835, 38.9127 ], [ -77.07782, 38.91268 ], [ -77.0777, 38.91268 ], [ -77.0761, 38.91264 ], [ -77.07601, 38.91264 ], [ -77.07555, 38.91263 ], [ -77.07449, 38.9126 ], [ -77.07411, 38.91259 ], [ -77.07269, 38.9126 ], [ -77.07107, 38.91262 ], [ -77.06974, 38.91266 ], [ -77.06925, 38.91268 ], [ -77.06856, 38.9127 ], [ -77.06789, 38.91272 ], [ -77.0667, 38.91274 ], [ -77.06617, 38.91276 ], [ -77.06642, 38.91323 ], [ -77.06668, 38.91373 ], [ -77.06685, 38.91404 ], [ -77.06695, 38.91422 ], [ -77.06722, 38.91473 ], [ -77.06728, 38.91484 ], [ -77.06754, 38.91532 ], [ -77.06771, 38.91561 ], [ -77.0678, 38.91576 ], [ -77.06794, 38.91595 ] ] } },
{ "type": "Feature", "properties": { "feature_type": "stop_store", "store": "Safeway (1855 WISCONSIN AVENUE NW)", "trip": 1, "sequence": 0.0, "address": "1855 WISCONSIN AVENUE NW", "distance_km": null, "duration_min": null }, "geometry": { "type": "Point", "coordinates": [ -77.067560912637333, 38.91612588552244 ] } },
{ "type": "Feature", "properties": { "feature_type": "stop_delivery", "store": "Safeway (1855 WISCONSIN AVENUE NW)", "trip": 1, "sequence": 1.0, "address": "1556 34TH STREET NW", "distance_km": null, "duration_min": null }, "geometry": { "type": "Point", "coordinates": [ -77.06805648, 38.91029218 ] } },
{ "type": "Feature", "properties": { "feature_type": "stop_delivery", "store": "Safeway (1855 WISCONSIN AVENUE NW)", "trip": 1, "sequence": 2.0, "address": "1528 29TH STREET NW", "distance_km": null, "duration_min": null }, "geometry": { "type": "Point", "coordinates": [ -77.0584088, 38.91005843 ] } },
{ "type": "Feature", "properties": { "feature_type": "stop_delivery", "store": "Safeway (1855 WISCONSIN AVENUE NW)", "trip": 1, "sequence": 3.0, "address": "2650 VIRGINIA AVENUE NW", "distance_km": null, "duration_min": null }, "geometry": { "type": "Point", "coordinates": [ -77.05581934, 38.89933514 ] } },
{ "type": "Feature", "properties": { "feature_type": "stop_delivery", "store": "Safeway (1855 WISCONSIN AVENUE NW)", "trip": 1, "sequence": 4.0, "address": "2402 WYOMING AVENUE NW", "distance_km": null, "duration_min": null }, "geometry": { "type": "Point", "coordinates": [ -77.05303678, 38.91682452 ] } },
{ "type": "Feature", "properties": { "feature_type": "stop_delivery", "store": "Safeway (1855 WISCONSIN AVENUE NW)", "trip": 1, "sequence": 5.0, "address": "2825 29TH PLACE NW", "distance_km": null, "duration_min": null }, "geometry": { "type": "Point", "coordinates": [ -77.05807052, 38.92494313 ] } },
{ "type": "Feature", "properties": { "feature_type": "stop_delivery", "store": "Safeway (1855 WISCONSIN AVENUE NW)", "trip": 1, "sequence": 6.0, "address": "2325 HUIDEKOPER PLACE NW", "distance_km": null, "duration_min": null }, "geometry": { "type": "Point", "coordinates": [ -77.074851, 38.91993046 ] } },
{ "type": "Feature", "properties": { "feature_type": "stop_delivery", "store": "Safeway (1855 WISCONSIN AVENUE NW)", "trip": 1, "sequence": 7.0, "address": "4339 GARFIELD STREET NW", "distance_km": null, "duration_min": null }, "geometry": { "type": "Point", "coordinates": [ -77.08530807, 38.92786442 ] } },
{ "type": "Feature", "properties": { "feature_type": "stop_delivery", "store": "Safeway (1855 WISCONSIN AVENUE NW)", "trip": 1, "sequence": 8.0, "address": "2314 44TH STREET NW", "distance_km": null, "duration_min": null }, "geometry": { "type": "Point", "coordinates": [ -77.08673764, 38.92102017 ] } },
{ "type": "Feature", "properties": { "feature_type": "stop_delivery", "store": "Safeway (1855 WISCONSIN AVENUE NW)", "trip": 1, "sequence": 9.0, "address": "1850 47TH PLACE NW", "distance_km": null, "duration_min": null }, "geometry": { "type": "Point", "coordinates": [ -77.08980328, 38.91375399 ] } },
{ "type": "Feature", "properties": { "feature_type": "stop_delivery", "store": "Safeway (1855 WISCONSIN AVENUE NW)", "trip": 1, "sequence": 10.0, "address": "1521 FOXHALL ROAD NW", "distance_km": null, "duration_min": null }, "geometry": { "type": "Point", "coordinates": [ -77.08256035, 38.90929527 ] } },
{ "type": "Feature", "properties": { "feature_type": "stop_store", "store": "Safeway (1855 WISCONSIN AVENUE NW)", "trip": 1, "sequence": 11.0, "address": "1855 WISCONSIN AVENUE NW", "distance_km": null, "duration_min": null }, "geometry": { "type": "Point", "coordinates": [ -77.067560912637333, 38.91612588552244 ] } },
{ "type": "Feature", "properties": { "feature_type": "route", "store": "Safeway (1701 CORCORAN STREET NW)", "trip": 1, "sequence": null, "address": null, "distance_km": 17.14, "duration_min": 37.9 }, "geometry": { "type": "LineString", "coordinates": [ [ -77.03896, 38.9122 ], [ -77.03852, 38.9122 ], [ -77.03794, 38.9122 ], [ -77.0372, 38.91221 ], [ -77.0372, 38.91255 ], [ -77.03719, 38.91261 ], [ -77.03849, 38.91261 ], [ -77.03907, 38.91261 ], [ -77.03954, 38.91261 ], [ -77.03987, 38.91261 ], [ -77.04067, 38.91261 ], [ -77.04166, 38.91261 ], [ -77.04165, 38.91276 ], [ -77.04165, 38.91293 ], [ -77.04165, 38.91302 ], [ -77.04165, 38.91317 ], [ -77.04165, 38.91337 ], [ -77.04165, 38.9137 ], [ -77.04144, 38.9137 ], [ -77.04165, 38.9137 ], [ -77.04166, 38.9141 ], [ -77.04166, 38.91428 ], [ -77.04166, 38.91445 ], [ -77.04166, 38.91451 ], [ -77.04166, 38.91484 ], [ -77.04166, 38.91517 ], [ -77.04166, 38.91559 ], [ -77.04166, 38.91599 ], [ -77.04166, 38.9163 ], [ -77.04166, 38.91659 ], [ -77.04166, 38.91668 ], [ -77.04166, 38.9168 ], [ -77.04166, 38.91694 ], [ -77.04166, 38.91704 ], [ -77.04166, 38.91713 ], [ -77.04165, 38.91741 ], [ -77.04165, 38.91752 ], [ -77.04165, 38.91782 ], [ -77.04165, 38.91813 ], [ -77.04165, 38.91829 ], [ -77.04165, 38.91847 ], [ -77.04165, 38.91874 ], [ -77.04165, 38.91903 ], [ -77.04165, 38.91921 ], [ -77.04165, 38.91937 ], [ -77.04165, 38.91955 ], [ -77.04168, 38.91968 ], [ -77.04118, 38.91977 ], [ -77.04076, 38.91986 ], [ -77.04082, 38.92004 ], [ -77.04087, 38.92019 ], [ -77.04056, 38.92037 ], [ -77.04045, 38.92043 ], [ -77.04004, 38.92067 ], [ -77.03975, 38.92084 ], [ -77.03889, 38.92135 ], [ -77.03892, 38.92183 ], [ -77.03955, 38.9218 ], [ -77.03955, 38.92187 ], [ -77.03984, 38.92186 ], [ -77.03985, 38.9223 ], [ -77.03985, 38.92236 ], [ -77.03956, 38.92237 ], [ -77.03957, 38.92267 ], [ -77.03897, 38.92269 ], [ -77.039, 38.92316 ], [ -77.03777, 38.92321 ], [ -77.03712, 38.92323 ], [ -77.03648, 38.92326 ], [ -77.03648, 38.92352 ], [ -77.03648, 38.92375 ], [ -77.03648, 38.92381 ], [ -77.03648, 38.92385 ], [ -77.03648, 38.92392 ], [ -77.03648, 38.92402 ], [ -77.03648, 38.92406 ], [ -77.03648, 38.92431 ], [ -77.03648, 38.92448 ], [ -77.03648, 38.92464 ], [ -77.03648, 38.92477 ], [ -77.03648, 38.92488 ], [ -77.03648, 38.92514 ], [ -77.03648, 38.92518 ], [ -77.03647, 38.92547 ], [ -77.03647, 38.92561 ], [ -77.03647, 38.92588 ], [ -77.03647, 38.92628 ], [ -77.03647, 38.92652 ], [ -77.03647, 38.92675 ], [ -77.03648, 38.92697 ], [ -77.03647, 38.92717 ], [ -77.03672, 38.92712 ], [ -77.03687, 38.92751 ], [ -77.03707, 38.9275 ], [ -77.04065, 38.92766 ], [ -77.04063, 38.92783 ], [ -77.04065, 38.92766 ], [ -77.03707, 38.9275 ], [ -77.03687, 38.92751 ], [ -77.03672, 38.92712 ], [ -77.03672, 38.92707 ], [ -77.03666, 38.92692 ], [ -77.03657, 38.92686 ], [ -77.03647, 38.92675 ], [ -77.03647, 38.92652 ], [ -77.03647, 38.92628 ], [ -77.03634, 38.92629 ], [ -77.03548, 38.92633 ], [ -77.0349, 38.92636 ], [ -77.03311, 38.92647 ], [ -77.03274, 38.92649 ], [ -77.03255, 38.92653 ], [ -77.03244, 38.92657 ], [ -77.03205, 38.92671 ], [ -77.03193, 38.92673 ], [ -77.03181, 38.92674 ], [ -77.03109, 38.92674 ], [ -77.03022, 38.92674 ], [ -77.02971, 38.92674 ], [ -77.02906, 38.92674 ], [ -77.02705, 38.92675 ], [ -77.02704, 38.92576 ], [ -77.02704, 38.92525 ], [ -77.02704, 38.92477 ], [ -77.02704, 38.92377 ], [ -77.02704, 38.92327 ], [ -77.02704, 38.92323 ], [ -77.02703, 38.92284 ], [ -77.02704, 38.92243 ], [ -77.02704, 38.92077 ], [ -77.02704, 38.9205 ], [ -77.02704, 38.9203 ], [ -77.02704, 38.9192 ], [ -77.02649, 38.9192 ], [ -77.02599, 38.9192 ], [ -77.02599, 38.91954 ], [ -77.02577, 38.91954 ], [ -77.02599, 38.91954 ], [ -77.02599, 38.9192 ], [ -77.02579, 38.9192 ], [ -77.02488, 38.9192 ], [ -77.02482, 38.91911 ], [ -77.02483, 38.91907 ], [ -77.02455, 38.91859 ], [ -77.02449, 38.91849 ], [ -77.02437, 38.91834 ], [ -77.0243, 38.91822 ], [ -77.02418, 38.91801 ], [ -77.02411, 38.91789 ], [ -77.02403, 38.91777 ], [ -77.02396, 38.91761 ], [ -77.02395, 38.91738 ], [ -77.02395, 38.917 ], [ -77.02382, 38.91698 ], [ -77.0231, 38.91678 ], [ -77.02295, 38.91672 ], [ -77.02252, 38.91654 ], [ -77.02191, 38.91628 ], [ -77.02138, 38.91605 ], [ -77.02121, 38.91598 ], [ -77.02066, 38.91575 ], [ -77.0204, 38.91563 ], [ -77.01996, 38.91545 ], [ -77.01937, 38.91519 ], [ -77.01889, 38.91499 ], [ -77.0184, 38.91478 ], [ -77.01813, 38.91466 ], [ -77.01807, 38.91464 ], [ -77.01759, 38.91444 ], [ -77.01717, 38.91426 ], [ -77.01689, 38.91414 ], [ -77.01673, 38.91408 ], [ -77.01575, 38.91441 ], [ -77.01465, 38.91479 ], [ -77.01436, 38.91489 ], [ -77.01425, 38.91483 ], [ -77.01278, 38.91483 ], [ -77.01278, 38.91449 ], [ -77.01372, 38.91449 ], [ -77.01278, 38.91449 ], [ -77.01278, 38.91409 ], [ -77.01216, 38.91409 ], [ -77.01162, 38.91408 ], [ -77.01023, 38.91407 ], [ -77.01162, 38.91408 ], [ -77.01216, 38.91409 ], [ -77.01216, 38.91334 ], [ -77.01216, 38.9126 ], [ -77.01216, 38.91212 ], [ -77.01215, 38.91143 ], [ -77.01215, 38.91113 ], [ -77.01216, 38.91071 ], [ -77.01216, 38.91038 ], [ -77.01216, 38.91006 ], [ -77.01216, 38.90964 ], [ -77.01282, 38.90964 ], [ -77.01366, 38.90964 ], [ -77.01467, 38.90964 ], [ -77.01518, 38.90964 ], [ -77.01629, 38.90964 ], [ -77.01842, 38.90964 ], [ -77.01893, 38.90964 ], [ -77.01935, 38.90964 ], [ -77.0199, 38.90964 ], [ -77.0199, 38.90857 ], [ -77.0199, 38.90724 ], [ -77.0199, 38.90688 ], [ -77.0199, 38.90565 ], [ -77.0199, 38.90418 ], [ -77.0199, 38.90364 ], [ -77.0199, 38.90352 ], [ -77.0199, 38.90326 ], [ -77.01991, 38.90252 ], [ -77.01991, 38.90147 ], [ -77.01991, 38.90113 ], [ -77.01991, 38.90088 ], [ -77.02092, 38.90088 ], [ -77.02191, 38.90087 ], [ -77.02295, 38.90088 ], [ -77.02342, 38.90088 ], [ -77.02398, 38.90088 ], [ -77.02398, 38.90053 ], [ -77.02411, 38.90052 ], [ -77.02398, 38.90053 ], [ -77.02397, 38.90018 ], [ -77.02398, 38.89982 ], [ -77.02441, 38.89982 ], [ -77.02495, 38.89982 ], [ -77.02599, 38.89982 ], [ -77.02599, 38.90089 ], [ -77.02598, 38.9014 ], [ -77.02598, 38.90154 ], [ -77.02612, 38.90149 ], [ -77.02647, 38.90137 ], [ -77.02668, 38.90136 ], [ -77.02704, 38.90135 ], [ -77.02703, 38.9021 ], [ -77.02703, 38.90253 ], [ -77.0281, 38.90253 ], [ -77.0281, 38.90264 ], [ -77.02873, 38.90264 ], [ -77.02963, 38.90264 ], [ -77.03066, 38.90264 ], [ -77.03195, 38.90264 ], [ -77.03364, 38.90264 ], [ -77.03455, 38.90264 ], [ -77.0346, 38.90264 ], [ -77.03552, 38.90264 ], [ -77.03654, 38.90264 ], [ -77.03732, 38.90265 ], [ -77.03758, 38.90265 ], [ -77.03852, 38.90265 ], [ -77.03916, 38.90265 ], [ -77.03927, 38.9027 ], [ -77.03939, 38.90282 ], [ -77.03992, 38.90374 ], [ -77.03995, 38.9038 ], [ -77.04052, 38.90476 ], [ -77.04103, 38.90565 ], [ -77.0412, 38.90564 ], [ -77.04169, 38.90564 ], [ -77.0423, 38.90564 ], [ -77.0423, 38.90609 ], [ -77.04264, 38.90609 ], [ -77.04345, 38.90608 ], [ -77.04345, 38.90565 ], [ -77.04413, 38.90565 ], [ -77.04437, 38.90565 ], [ -77.04486, 38.90565 ], [ -77.04549, 38.90565 ], [ -77.04603, 38.90565 ], [ -77.04655, 38.90565 ], [ -77.04664, 38.90562 ], [ -77.04665, 38.90518 ], [ -77.04665, 38.9051 ], [ -77.04665, 38.90442 ], [ -77.04665, 38.90373 ], [ -77.04665, 38.90331 ], [ -77.04665, 38.90264 ], [ -77.04665, 38.90253 ], [ -77.04665, 38.9024 ], [ -77.04665, 38.90198 ], [ -77.04665, 38.90189 ], [ -77.04665, 38.90133 ], [ -77.04665, 38.9007 ], [ -77.04666, 38.90009 ], [ -77.04666, 38.89999 ], [ -77.04666, 38.89958 ], [ -77.04759, 38.89958 ], [ -77.0477, 38.89958 ], [ -77.04797, 38.89958 ], [ -77.04804, 38.89958 ], [ -77.04884, 38.89958 ], [ -77.04947, 38.89958 ], [ -77.05013, 38.89958 ], [ -77.05013, 38.89895 ], [ -77.05013, 38.89835 ], [ -77.05015, 38.89764 ], [ -77.05015, 38.89736 ], [ -77.05015, 38.89728 ], [ -77.05014, 38.89704 ], [ -77.05014, 38.89659 ], [ -77.05014, 38.89604 ], [ -77.05013, 38.89598 ], [ -77.05013, 38.89574 ], [ -77.05013, 38.89545 ], [ -77.05013, 38.89536 ], [ -77.05013, 38.89495 ], [ -77.05013, 38.89536 ], [ -77.05013, 38.89545 ], [ -77.05013, 38.89574 ], [ -77.05013, 38.89598 ], [ -77.05014, 38.89604 ], [ -77.05014, 38.89659 ], [ -77.05014, 38.89704 ], [ -77.05015, 38.89728 ], [ -77.05015, 38.89736 ], [ -77.05015, 38.89764 ], [ -77.05013, 38.89835 ], [ -77.05013, 38.89895 ], [ -77.05013, 38.89958 ], [ -77.04947, 38.89958 ], [ -77.04884, 38.89958 ], [ -77.04883, 38.9007 ], [ -77.04883, 38.901 ], [ -77.04882, 38.90192 ], [ -77.04882, 38.90209 ], [ -77.04882, 38.9024 ], [ -77.04882, 38.90265 ], [ -77.04882, 38.90354 ], [ -77.04882, 38.90374 ], [ -77.04881, 38.90393 ], [ -77.04881, 38.90443 ], [ -77.04881, 38.90472 ], [ -77.04881, 38.90488 ], [ -77.04881, 38.90506 ], [ -77.04881, 38.90526 ], [ -77.04881, 38.90621 ], [ -77.04881, 38.90644 ], [ -77.0488, 38.90725 ], [ -77.0488, 38.9077 ], [ -77.0488, 38.90791 ], [ -77.0488, 38.90801 ], [ -77.0488, 38.90819 ], [ -77.0488, 38.90857 ], [ -77.0488, 38.90901 ], [ -77.0488, 38.9092 ], [ -77.0488, 38.90927 ], [ -77.0488, 38.90948 ], [ -77.0488, 38.90964 ], [ -77.0481, 38.90964 ], [ -77.04783, 38.90964 ], [ -77.04772, 38.90964 ], [ -77.04663, 38.90965 ], [ -77.04615, 38.90965 ], [ -77.04582, 38.90965 ], [ -77.04576, 38.90965 ], [ -77.04486, 38.90965 ], [ -77.04487, 38.91015 ], [ -77.04489, 38.91081 ], [ -77.04489, 38.91114 ], [ -77.04446, 38.91114 ], [ -77.04417, 38.91114 ], [ -77.04386, 38.91114 ], [ -77.04344, 38.91114 ], [ -77.04287, 38.91114 ], [ -77.04205, 38.91114 ], [ -77.04166, 38.91156 ], [ -77.04157, 38.91165 ], [ -77.04136, 38.91188 ], [ -77.04055, 38.91188 ], [ -77.04052, 38.91195 ], [ -77.04029, 38.9122 ], [ -77.03954, 38.9122 ], [ -77.03896, 38.9122 ] ] } },
{ "type": "Feature", "properties": { "feature_type": "stop_store", "store": "Safeway (1701 CORCORAN STREET NW)", "trip": 1, "sequence": 0.0, "address": "1701 CORCORAN STREET NW", "distance_km": null, "duration_min": null }, "geometry": { "type": "Point", "coordinates": [ -77.038955827994485, 38.912057515959049 ] } },
{ "type": "Feature", "properties": { "feature_type": "stop_delivery", "store": "Safeway (1701 CORCORAN STREET NW)", "trip": 1, "sequence": 1.0, "address": "1749 18TH STREET NW", "distance_km": null, "duration_min": null }, "geometry": { "type": "Point", "coordinates": [ -77.04143592, 38.91372683 ] } },
{ "type": "Feature", "properties": { "feature_type": "stop_delivery", "store": "Safeway (1701 CORCORAN STREET NW)", "trip": 1, "sequence": 2.0, "address": "2292 CHAMPLAIN STREET NW", "distance_km": null, "duration_min": null }, "geometry": { "type": "Point", "coordinates": [ -77.04102144, 38.92000497 ] } },
{ "type": "Feature", "properties": { "feature_type": "stop_delivery", "store": "Safeway (1701 CORCORAN STREET NW)", "trip": 1, "sequence": 3.0, "address": "2425 ONTARIO ROAD NW", "distance_km": null, "duration_min": null }, "geometry": { "type": "Point", "coordinates": [ -77.03996933, 38.92230147 ] } },
{ "type": "Feature", "properties": { "feature_type": "stop_delivery", "store": "Safeway (1701 CORCORAN STREET NW)", "trip": 1, "sequence": 4.0, "address": "1716 HOBART STREET NW", "distance_km": null, "duration_min": null }, "geometry": { "type": "Point", "coordinates": [ -77.04043419, 38.92782323 ] } },
{ "type": "Feature", "properties": { "feature_type": "stop_delivery", "store": "Safeway (1701 CORCORAN STREET NW)", "trip": 1, "sequence": 5.0, "address": "2211 10TH STREET NW", "distance_km": null, "duration_min": null }, "geometry": { "type": "Point", "coordinates": [ -77.02577189, 38.91956099 ] } },
{ "type": "Feature", "properties": { "feature_type": "stop_delivery", "store": "Safeway (1701 CORCORAN STREET NW)", "trip": 1, "sequence": 6.0, "address": "1807 2ND STREET NW", "distance_km": null, "duration_min": null }, "geometry": { "type": "Point", "coordinates": [ -77.0139344, 38.91439987 ] } },
{ "type": "Feature", "properties": { "feature_type": "stop_delivery", "store": "Safeway (1701 CORCORAN STREET NW)", "trip": 1, "sequence": 7.0, "address": "31 S STREET NW", "distance_km": null, "duration_min": null }, "geometry": { "type": "Point", "coordinates": [ -77.01022698, 38.91426603 ] } },
{ "type": "Feature", "properties": { "feature_type": "stop_delivery", "store": "Safeway (1701 CORCORAN STREET NW)", "trip": 1, "sequence": 8.0, "address": "933 PALMER ALLEY NW", "distance_km": null, "duration_min": null }, "geometry": { "type": "Point", "coordinates": [ -77.02452938, 38.90043357 ] } },
{ "type": "Feature", "properties": { "feature_type": "stop_delivery", "store": "Safeway (1701 CORCORAN STREET NW)", "trip": 1, "sequence": 9.0, "address": "1821 M STREET NW", "distance_km": null, "duration_min": null }, "geometry": { "type": "Point", "coordinates": [ -77.0426401, 38.90591959 ] } },
{ "type": "Feature", "properties": { "feature_type": "stop_delivery", "store": "Safeway (1701 CORCORAN STREET NW)", "trip": 1, "sequence": 10.0, "address": "2306 MAURY CIRCLE NW", "distance_km": null, "duration_min": null }, "geometry": { "type": "Point", "coordinates": [ -77.05061533, 38.89495452 ] } },
{ "type": "Feature", "properties": { "feature_type": "stop_store", "store": "Safeway (1701 CORCORAN STREET NW)", "trip": 1, "sequence": 11.0, "address": "1701 CORCORAN STREET NW", "distance_km": null, "duration_min": null }, "geometry": { "type": "Point", "coordinates": [ -77.038955827994485, 38.912057515959049 ] } },
{ "type": "Feature", "properties": { "feature_type": "route", "store": "Safeway (1601 MARYLAND AVENUE NE)", "trip": 1, "sequence": null, "address": null, "distance_km": 7.19, "duration_min": 18.6 }, "geometry": { "type": "LineString", "coordinates": [ [ -76.97972, 38.90077 ], [ -76.97941, 38.90072 ], [ -76.97927, 38.90075 ], [ -76.97899, 38.90083 ], [ -76.978, 38.90124 ], [ -76.97791, 38.90111 ], [ -76.97791, 38.90094 ], [ -76.97791, 38.90111 ], [ -76.978, 38.90124 ], [ -76.9775, 38.90144 ], [ -76.9775, 38.90109 ], [ -76.9767, 38.90141 ], [ -76.97656, 38.90146 ], [ -76.9767, 38.90141 ], [ -76.9775, 38.90109 ], [ -76.9775, 38.90087 ], [ -76.97749, 38.90057 ], [ -76.97749, 38.90051 ], [ -76.97749, 38.90021 ], [ -76.97749, 38.89991 ], [ -76.97749, 38.89983 ], [ -76.97749, 38.89949 ], [ -76.97749, 38.89926 ], [ -76.97751, 38.89916 ], [ -76.97754, 38.89903 ], [ -76.97765, 38.89865 ], [ -76.97772, 38.89841 ], [ -76.97778, 38.89821 ], [ -76.97781, 38.8981 ], [ -76.9779, 38.8978 ], [ -76.9781, 38.89713 ], [ -76.9781, 38.89705 ], [ -76.97806, 38.89703 ], [ -76.97782, 38.89698 ], [ -76.97743, 38.89692 ], [ -76.97706, 38.89685 ], [ -76.97699, 38.89711 ], [ -76.97668, 38.89705 ], [ -76.97635, 38.89699 ], [ -76.976, 38.89693 ], [ -76.97603, 38.89683 ], [ -76.976, 38.89693 ], [ -76.97635, 38.89699 ], [ -76.97668, 38.89705 ], [ -76.97699, 38.89711 ], [ -76.97692, 38.89736 ], [ -76.97684, 38.89761 ], [ -76.97672, 38.89803 ], [ -76.97729, 38.89813 ], [ -76.97741, 38.89815 ], [ -76.97778, 38.89821 ], [ -76.97772, 38.89841 ], [ -76.9783, 38.89851 ], [ -76.9785, 38.89855 ], [ -76.97887, 38.89861 ], [ -76.97949, 38.89872 ], [ -76.9795, 38.89872 ], [ -76.97958, 38.89842 ], [ -76.97967, 38.89811 ], [ -76.97974, 38.89785 ], [ -76.9798, 38.89764 ], [ -76.97987, 38.89743 ], [ -76.97994, 38.89719 ], [ -76.98, 38.89695 ], [ -76.98011, 38.89675 ], [ -76.98032, 38.89651 ], [ -76.98055, 38.8963 ], [ -76.98073, 38.89624 ], [ -76.98078, 38.89619 ], [ -76.98078, 38.89611 ], [ -76.98077, 38.89581 ], [ -76.98077, 38.8957 ], [ -76.98077, 38.89547 ], [ -76.98076, 38.89521 ], [ -76.98077, 38.89514 ], [ -76.98077, 38.89479 ], [ -76.98077, 38.89448 ], [ -76.98077, 38.89443 ], [ -76.98076, 38.89378 ], [ -76.98076, 38.89332 ], [ -76.98077, 38.89288 ], [ -76.98076, 38.89239 ], [ -76.98077, 38.89202 ], [ -76.98076, 38.89093 ], [ -76.98076, 38.89061 ], [ -76.98076, 38.89028 ], [ -76.98076, 38.88981 ], [ -76.98151, 38.88981 ], [ -76.98151, 38.88948 ], [ -76.98151, 38.88981 ], [ -76.98222, 38.88981 ], [ -76.98293, 38.88981 ], [ -76.98366, 38.88981 ], [ -76.98366, 38.89094 ], [ -76.9855, 38.89094 ], [ -76.9855, 38.89051 ], [ -76.9855, 38.8903 ], [ -76.9855, 38.88981 ], [ -76.98792, 38.88981 ], [ -76.98808, 38.88983 ], [ -76.98819, 38.88987 ], [ -76.98832, 38.88998 ], [ -76.98832, 38.89013 ], [ -76.98829, 38.89025 ], [ -76.9883, 38.89063 ], [ -76.98831, 38.8912 ], [ -76.98831, 38.89155 ], [ -76.98831, 38.89158 ], [ -76.98831, 38.8918 ], [ -76.98828, 38.89201 ], [ -76.98825, 38.89222 ], [ -76.98825, 38.89235 ], [ -76.98829, 38.89239 ], [ -76.9883, 38.89256 ], [ -76.9883, 38.8929 ], [ -76.98831, 38.89333 ], [ -76.98831, 38.89358 ], [ -76.98831, 38.89391 ], [ -76.9883, 38.8942 ], [ -76.9883, 38.89443 ], [ -76.98831, 38.89479 ], [ -76.98831, 38.89516 ], [ -76.98831, 38.89544 ], [ -76.98831, 38.89572 ], [ -76.98831, 38.89612 ], [ -76.98831, 38.89646 ], [ -76.98831, 38.89672 ], [ -76.98831, 38.89688 ], [ -76.98831, 38.89699 ], [ -76.98831, 38.89733 ], [ -76.9883, 38.89772 ], [ -76.9883, 38.89815 ], [ -76.98829, 38.89892 ], [ -76.9883, 38.89929 ], [ -76.9883, 38.89955 ], [ -76.98831, 38.89981 ], [ -76.98831, 38.9002 ], [ -76.98831, 38.90054 ], [ -76.98831, 38.90076 ], [ -76.98831, 38.90099 ], [ -76.98831, 38.90132 ], [ -76.98831, 38.90174 ], [ -76.98831, 38.90185 ], [ -76.98827, 38.90194 ], [ -76.98741, 38.90157 ], [ -76.9871, 38.902 ], [ -76.98675, 38.90184 ], [ -76.98642, 38.9023 ], [ -76.98576, 38.90321 ], [ -76.98512, 38.90413 ], [ -76.98457, 38.90492 ], [ -76.98447, 38.90488 ], [ -76.98419, 38.90527 ], [ -76.98391, 38.90567 ], [ -76.98366, 38.90601 ], [ -76.98315, 38.90579 ], [ -76.98205, 38.90533 ], [ -76.98203, 38.90537 ], [ -76.98163, 38.90521 ], [ -76.98123, 38.90583 ], [ -76.98092, 38.90571 ], [ -76.98083, 38.90568 ], [ -76.98045, 38.90555 ], [ -76.98005, 38.90539 ], [ -76.97995, 38.90534 ], [ -76.97975, 38.90564 ], [ -76.97947, 38.90563 ], [ -76.97899, 38.90563 ], [ -76.97899, 38.906 ], [ -76.97849, 38.906 ], [ -76.97848, 38.90655 ], [ -76.97849, 38.906 ], [ -76.97805, 38.906 ], [ -76.97804, 38.9058 ], [ -76.97804, 38.90563 ], [ -76.97899, 38.90563 ], [ -76.97899, 38.90527 ], [ -76.97899, 38.90497 ], [ -76.97899, 38.90468 ], [ -76.97899, 38.90437 ], [ -76.97899, 38.90408 ], [ -76.97899, 38.90372 ], [ -76.97899, 38.90333 ], [ -76.97899, 38.9029 ], [ -76.97899, 38.90251 ], [ -76.97899, 38.90195 ], [ -76.97899, 38.90148 ], [ -76.97899, 38.9014 ], [ -76.97899, 38.90083 ], [ -76.97927, 38.90075 ], [ -76.97941, 38.90072 ], [ -76.97972, 38.90077 ] ] } },
{ "type": "Feature", "properties": { "feature_type": "stop_store", "store": "Safeway (1601 MARYLAND AVENUE NE)", "trip": 1, "sequence": 0.0, "address": "1601 MARYLAND AVENUE NE", "distance_km": null, "duration_min": null }, "geometry": { "type": "Point", "coordinates": [ -76.979772316624405, 38.900575082088778 ] } },
{ "type": "Feature", "properties": { "feature_type": "stop_delivery", "store": "Safeway (1601 MARYLAND AVENUE NE)", "trip": 1, "sequence": 1.0, "address": "830 18TH STREET NE", "distance_km": null, "duration_min": null }, "geometry": { "type": "Point", "coordinates": [ -76.97771928, 38.90093507 ] } },
{ "type": "Feature", "properties": { "feature_type": "stop_delivery", "store": "Safeway (1601 MARYLAND AVENUE NE)", "trip": 1, "sequence": 2.0, "address": "844 19TH STREET NE", "distance_km": null, "duration_min": null }, "geometry": { "type": "Point", "coordinates": [ -76.976456, 38.90129623 ] } },
{ "type": "Feature", "properties": { "feature_type": "stop_delivery", "store": "Safeway (1601 MARYLAND AVENUE NE)", "trip": 1, "sequence": 3.0, "address": "2000 ROSEDALE STREET NE", "distance_km": null, "duration_min": null }, "geometry": { "type": "Point", "coordinates": [ -76.97588387, 38.8968059 ] } },
{ "type": "Feature", "properties": { "feature_type": "stop_delivery", "store": "Safeway (1601 MARYLAND AVENUE NE)", "trip": 1, "sequence": 4.0, "address": "1729 GALES PLACE NE", "distance_km": null, "duration_min": null }, "geometry": { "type": "Point", "coordinates": [ -76.97854375, 38.89840612 ] } },
{ "type": "Feature", "properties": { "feature_type": "stop_delivery", "store": "Safeway (1601 MARYLAND AVENUE NE)", "trip": 1, "sequence": 5.0, "address": "1621 EAST CAPITOL STREET SE", "distance_km": null, "duration_min": null }, "geometry": { "type": "Point", "coordinates": [ -76.98140408, 38.88948346 ] } },
{ "type": "Feature", "properties": { "feature_type": "stop_delivery", "store": "Safeway (1601 MARYLAND AVENUE NE)", "trip": 1, "sequence": 6.0, "address": "37 14TH STREET NE", "distance_km": null, "duration_min": null }, "geometry": { "type": "Point", "coordinates": [ -76.9850845, 38.89051428 ] } },
{ "type": "Feature", "properties": { "feature_type": "stop_delivery", "store": "Safeway (1601 MARYLAND AVENUE NE)", "trip": 1, "sequence": 7.0, "address": "904 13TH STREET NE", "distance_km": null, "duration_min": null }, "geometry": { "type": "Point", "coordinates": [ -76.98853263, 38.90174398 ] } },
{ "type": "Feature", "properties": { "feature_type": "stop_delivery", "store": "Safeway (1601 MARYLAND AVENUE NE)", "trip": 1, "sequence": 8.0, "address": "1337 CHILDRESS STREET NE", "distance_km": null, "duration_min": null }, "geometry": { "type": "Point", "coordinates": [ -76.98305884, 38.9059256 ] } },
{ "type": "Feature", "properties": { "feature_type": "stop_delivery", "store": "Safeway (1601 MARYLAND AVENUE NE)", "trip": 1, "sequence": 9.0, "address": "1232 18TH STREET NE", "distance_km": null, "duration_min": null }, "geometry": { "type": "Point", "coordinates": [ -76.97827128, 38.90654683 ] } },
{ "type": "Feature", "properties": { "feature_type": "stop_delivery", "store": "Safeway (1601 MARYLAND AVENUE NE)", "trip": 1, "sequence": 10.0, "address": "1718 M STREET NE", "distance_km": null, "duration_min": null }, "geometry": { "type": "Point", "coordinates": [ -76.97822931, 38.90580246 ] } },
{ "type": "Feature", "properties": { "feature_type": "stop_store", "store": "Safeway (1601 MARYLAND AVENUE NE)", "trip": 1, "sequence": 11.0, "address": "1601 MARYLAND AVENUE NE", "distance_km": null, "duration_min": null }, "geometry": { "type": "Point", "coordinates": [ -76.979772316624405, 38.900575082088778 ] } },
{ "type": "Feature", "properties": { "feature_type": "route", "store": "Safeway (1601 MARYLAND AVENUE NE)", "trip": 2, "sequence": null, "address": null, "distance_km": 17.97, "duration_min": 39.8 }, "geometry": { "type": "LineString", "coordinates": [ [ -76.97972, 38.90077 ], [ -76.97941, 38.90072 ], [ -76.97927, 38.90075 ], [ -76.97899, 38.90083 ], [ -76.97901, 38.90047 ], [ -76.97907, 38.90021 ], [ -76.97916, 38.89985 ], [ -76.97918, 38.89976 ], [ -76.97927, 38.89948 ], [ -76.9793, 38.89934 ], [ -76.97935, 38.89918 ], [ -76.97946, 38.89883 ], [ -76.97949, 38.89872 ], [ -76.9795, 38.89872 ], [ -76.97958, 38.89842 ], [ -76.97967, 38.89811 ], [ -76.97974, 38.89785 ], [ -76.9798, 38.89764 ], [ -76.97987, 38.89743 ], [ -76.97994, 38.89719 ], [ -76.98, 38.89695 ], [ -76.98011, 38.89675 ], [ -76.98032, 38.89651 ], [ -76.98055, 38.8963 ], [ -76.98073, 38.89624 ], [ -76.98078, 38.89619 ], [ -76.98078, 38.89611 ], [ -76.98077, 38.89581 ], [ -76.98077, 38.8957 ], [ -76.98077, 38.89547 ], [ -76.98076, 38.89521 ], [ -76.98077, 38.89514 ], [ -76.98077, 38.89479 ], [ -76.98077, 38.89448 ], [ -76.98077, 38.89443 ], [ -76.98076, 38.89378 ], [ -76.98076, 38.89332 ], [ -76.98077, 38.89288 ], [ -76.98076, 38.89239 ], [ -76.98077, 38.89202 ], [ -76.98076, 38.89093 ], [ -76.98076, 38.89061 ], [ -76.98076, 38.89028 ], [ -76.98076, 38.88981 ], [ -76.98076, 38.88944 ], [ -76.98076, 38.8892 ], [ -76.98076, 38.88868 ], [ -76.98025, 38.88868 ], [ -76.97995, 38.88868 ], [ -76.9796, 38.88868 ], [ -76.97995, 38.88868 ], [ -76.97995, 38.88814 ], [ -76.98025, 38.88814 ], [ -76.98035, 38.88814 ], [ -76.98076, 38.88814 ], [ -76.98163, 38.88814 ], [ -76.98222, 38.88814 ], [ -76.98366, 38.88814 ], [ -76.98366, 38.88868 ], [ -76.98411, 38.88868 ], [ -76.98411, 38.88824 ], [ -76.98411, 38.88802 ], [ -76.98411, 38.88777 ], [ -76.98411, 38.88761 ], [ -76.98366, 38.88761 ], [ -76.98366, 38.88814 ], [ -76.98366, 38.88868 ], [ -76.98366, 38.88981 ], [ -76.98366, 38.89094 ], [ -76.98366, 38.89148 ], [ -76.98365, 38.89202 ], [ -76.98365, 38.89246 ], [ -76.98365, 38.89254 ], [ -76.98366, 38.89286 ], [ -76.98366, 38.89348 ], [ -76.98388, 38.89356 ], [ -76.98415, 38.89358 ], [ -76.98424, 38.89358 ], [ -76.98457, 38.89357 ], [ -76.98498, 38.89358 ], [ -76.9855, 38.89357 ], [ -76.98647, 38.89358 ], [ -76.98711, 38.89358 ], [ -76.98831, 38.89358 ], [ -76.98831, 38.89391 ], [ -76.9883, 38.8942 ], [ -76.9883, 38.89443 ], [ -76.98831, 38.89479 ], [ -76.98831, 38.89516 ], [ -76.98831, 38.89544 ], [ -76.98831, 38.89572 ], [ -76.98831, 38.89612 ], [ -76.98831, 38.89646 ], [ -76.98831, 38.89672 ], [ -76.98831, 38.89688 ], [ -76.98831, 38.89699 ], [ -76.98831, 38.89733 ], [ -76.9883, 38.89772 ], [ -76.9883, 38.89815 ], [ -76.98829, 38.89892 ], [ -76.9883, 38.89929 ], [ -76.9883, 38.89955 ], [ -76.98831, 38.89981 ], [ -76.98831, 38.9002 ], [ -76.98831, 38.90054 ], [ -76.98831, 38.90076 ], [ -76.98831, 38.90099 ], [ -76.98831, 38.90132 ], [ -76.98831, 38.90185 ], [ -76.98827, 38.90194 ], [ -76.98741, 38.90157 ], [ -76.9871, 38.902 ], [ -76.98748, 38.90217 ], [ -76.98912, 38.90288 ], [ -76.98943, 38.90302 ], [ -76.98986, 38.9032 ], [ -76.99028, 38.90338 ], [ -76.98997, 38.90381 ], [ -76.99038, 38.90399 ], [ -76.98997, 38.90381 ], [ -76.99028, 38.90338 ], [ -76.98986, 38.9032 ], [ -76.99018, 38.90274 ], [ -76.99023, 38.90263 ], [ -76.99024, 38.9025 ], [ -76.99112, 38.90251 ], [ -76.99153, 38.90251 ], [ -76.99183, 38.90251 ], [ -76.99192, 38.90251 ], [ -76.99264, 38.90251 ], [ -76.99375, 38.90252 ], [ -76.9942, 38.90252 ], [ -76.99456, 38.90252 ], [ -76.99496, 38.90251 ], [ -76.99496, 38.90209 ], [ -76.99496, 38.90173 ], [ -76.99496, 38.90168 ], [ -76.99496, 38.90133 ], [ -76.99496, 38.90061 ], [ -76.99496, 38.90059 ], [ -76.99496, 38.9002 ], [ -76.99617, 38.9002 ], [ -76.99617, 38.89977 ], [ -76.99617, 38.89975 ], [ -76.99617, 38.89973 ], [ -76.99617, 38.89937 ], [ -76.99617, 38.89933 ], [ -76.99671, 38.89933 ], [ -76.99731, 38.89934 ], [ -76.99731, 38.89892 ], [ -76.99822, 38.89892 ], [ -76.99835, 38.89892 ], [ -76.99845, 38.89892 ], [ -76.99846, 38.89933 ], [ -76.99846, 38.89974 ], [ -76.99846, 38.89986 ], [ -76.99845, 38.90021 ], [ -76.99951, 38.90021 ], [ -77.00057, 38.90021 ], [ -77.00159, 38.90021 ], [ -77.00204, 38.90021 ], [ -77.00204, 38.89956 ], [ -77.0018, 38.89957 ], [ -77.00204, 38.89956 ], [ -77.00204, 38.90021 ], [ -77.00204, 38.90133 ], [ -77.00169, 38.90133 ], [ -77.0013, 38.90133 ], [ -77.00129, 38.90133 ], [ -77.00129, 38.90181 ], [ -77.0013, 38.90185 ], [ -77.00131, 38.90202 ], [ -77.00131, 38.90224 ], [ -77.00131, 38.90251 ], [ -77.00155, 38.90251 ], [ -77.00204, 38.90251 ], [ -77.00233, 38.90251 ], [ -77.00309, 38.90251 ], [ -77.00356, 38.90252 ], [ -77.00356, 38.90276 ], [ -77.00358, 38.90289 ], [ -77.00358, 38.90341 ], [ -77.00356, 38.90355 ], [ -77.00356, 38.90374 ], [ -77.00357, 38.90407 ], [ -77.00352, 38.90433 ], [ -77.00345, 38.90455 ], [ -77.00306, 38.90565 ], [ -77.00416, 38.90566 ], [ -77.00576, 38.90566 ], [ -77.00589, 38.90564 ], [ -77.00588, 38.90645 ], [ -77.00589, 38.90724 ], [ -77.00589, 38.90762 ], [ -77.0059, 38.9078 ], [ -77.0059, 38.90786 ], [ -77.0059, 38.90806 ], [ -77.00591, 38.90839 ], [ -77.00592, 38.90852 ], [ -77.00591, 38.9087 ], [ -77.00584, 38.90882 ], [ -77.00553, 38.90907 ], [ -77.00543, 38.90917 ], [ -77.00536, 38.90923 ], [ -77.0053, 38.90931 ], [ -77.00519, 38.90969 ], [ -77.00517, 38.90974 ], [ -77.00494, 38.91058 ], [ -77.00485, 38.91091 ], [ -77.00479, 38.91112 ], [ -77.00468, 38.91149 ], [ -77.00458, 38.91186 ], [ -77.00449, 38.91218 ], [ -77.00438, 38.9126 ], [ -77.00351, 38.9126 ], [ -77.00203, 38.9126 ], [ -77.00203, 38.91292 ], [ -77.00204, 38.91334 ], [ -77.00204, 38.91361 ], [ -77.00204, 38.91366 ], [ -77.00204, 38.91408 ], [ -77.00203, 38.91482 ], [ -77.00203, 38.91518 ], [ -77.00205, 38.91557 ], [ -77.00102, 38.91557 ], [ -77.00075, 38.91557 ], [ -77.00057, 38.91561 ], [ -77.00057, 38.91626 ], [ -77.00057, 38.91628 ], [ -77.00057, 38.91683 ], [ -77.00057, 38.917 ], [ -77.00057, 38.91783 ], [ -77.00057, 38.91811 ], [ -77.00057, 38.9189 ], [ -77.00057, 38.91918 ], [ -77.00057, 38.91969 ], [ -77.00009, 38.91985 ], [ -76.99991, 38.91991 ], [ -76.99953, 38.92006 ], [ -76.99944, 38.92009 ], [ -76.99896, 38.92026 ], [ -76.99879, 38.92032 ], [ -76.99843, 38.92045 ], [ -76.99757, 38.92074 ], [ -76.99705, 38.92091 ], [ -76.99667, 38.92103 ], [ -76.99561, 38.92138 ], [ -76.99475, 38.92166 ], [ -76.99441, 38.92177 ], [ -76.99397, 38.92191 ], [ -76.99381, 38.92195 ], [ -76.99348, 38.92206 ], [ -76.99311, 38.92218 ], [ -76.99296, 38.92223 ], [ -76.99242, 38.9224 ], [ -76.9923, 38.92244 ], [ -76.99022, 38.92307 ], [ -76.99016, 38.92309 ], [ -76.99021, 38.92318 ], [ -76.99026, 38.92337 ], [ -76.99028, 38.92352 ], [ -76.99031, 38.92394 ], [ -76.99031, 38.92401 ], [ -76.99035, 38.9244 ], [ -76.99039, 38.92499 ], [ -76.9904, 38.92511 ], [ -76.99044, 38.92553 ], [ -76.99046, 38.92577 ], [ -76.99047, 38.92595 ], [ -76.99052, 38.92653 ], [ -76.9906, 38.9276 ], [ -76.99017, 38.92763 ], [ -76.9901, 38.92763 ], [ -76.98933, 38.92767 ], [ -76.98931, 38.92745 ], [ -76.98933, 38.92767 ], [ -76.98829, 38.92772 ], [ -76.98821, 38.92666 ], [ -76.98811, 38.92559 ], [ -76.9858, 38.9257 ], [ -76.98453, 38.92576 ], [ -76.98434, 38.92577 ], [ -76.98387, 38.9258 ], [ -76.98358, 38.92581 ], [ -76.98343, 38.92579 ], [ -76.98333, 38.92576 ], [ -76.98326, 38.92573 ], [ -76.9831, 38.92567 ], [ -76.98303, 38.92561 ], [ -76.98284, 38.92558 ], [ -76.98271, 38.92557 ], [ -76.98257, 38.92559 ], [ -76.98149, 38.92558 ], [ -76.98131, 38.92558 ], [ -76.98075, 38.92558 ], [ -76.98021, 38.92558 ], [ -76.98017, 38.92558 ], [ -76.97957, 38.92558 ], [ -76.97899, 38.92558 ], [ -76.97875, 38.92558 ], [ -76.97682, 38.92558 ], [ -76.97623, 38.92558 ], [ -76.97417, 38.92558 ], [ -76.97388, 38.92558 ], [ -76.97217, 38.92558 ], [ -76.97184, 38.92558 ], [ -76.97128, 38.92558 ], [ -76.97105, 38.92558 ], [ -76.971, 38.92558 ], [ -76.9709, 38.92558 ], [ -76.97014, 38.92558 ], [ -76.96954, 38.92558 ], [ -76.96943, 38.92558 ], [ -76.96927, 38.92561 ], [ -76.96922, 38.92564 ], [ -76.96895, 38.92589 ], [ -76.96839, 38.92638 ], [ -76.96806, 38.92666 ], [ -76.96731, 38.92719 ], [ -76.96728, 38.92716 ], [ -76.96689, 38.9268 ], [ -76.96652, 38.92647 ], [ -76.9664, 38.92636 ], [ -76.96622, 38.92619 ], [ -76.96562, 38.92558 ], [ -76.9652, 38.92523 ], [ -76.96516, 38.92512 ], [ -76.96473, 38.92482 ], [ -76.96367, 38.92411 ], [ -76.9637, 38.92401 ], [ -76.9637, 38.92392 ], [ -76.9639, 38.92391 ], [ -76.96451, 38.92391 ], [ -76.9651, 38.92391 ], [ -76.96591, 38.92391 ], [ -76.96594, 38.92385 ], [ -76.96594, 38.92345 ], [ -76.96617, 38.92345 ], [ -76.96654, 38.92345 ], [ -76.96706, 38.92345 ], [ -76.96724, 38.92345 ], [ -76.96738, 38.92345 ], [ -76.96801, 38.92283 ], [ -76.9684, 38.92242 ], [ -76.96903, 38.92163 ], [ -76.96907, 38.92159 ], [ -76.96963, 38.92091 ], [ -76.97029, 38.92009 ], [ -76.97037, 38.91997 ], [ -76.97051, 38.91979 ], [ -76.97056, 38.91968 ], [ -76.9706, 38.91962 ], [ -76.9708, 38.91938 ], [ -76.97119, 38.9189 ], [ -76.97149, 38.91854 ], [ -76.97178, 38.91819 ], [ -76.97189, 38.91805 ], [ -76.97199, 38.91792 ], [ -76.97214, 38.91775 ], [ -76.97219, 38.91769 ], [ -76.97238, 38.91745 ], [ -76.9725, 38.91735 ], [ -76.97262, 38.91723 ], [ -76.97271, 38.91716 ], [ -76.97289, 38.91693 ], [ -76.97318, 38.91656 ], [ -76.9733, 38.91641 ], [ -76.97378, 38.91582 ], [ -76.97428, 38.91521 ], [ -76.97518, 38.9141 ], [ -76.9757, 38.91345 ], [ -76.97598, 38.9131 ], [ -76.97612, 38.91291 ], [ -76.97628, 38.91267 ], [ -76.97642, 38.9123 ], [ -76.97664, 38.91166 ], [ -76.97667, 38.91158 ], [ -76.97739, 38.9095 ], [ -76.97819, 38.90825 ], [ -76.97828, 38.90811 ], [ -76.97835, 38.908 ], [ -76.97882, 38.90728 ], [ -76.97963, 38.9077 ], [ -76.98009, 38.90794 ], [ -76.9802, 38.90799 ], [ -76.9803, 38.90804 ], [ -76.9817, 38.90878 ], [ -76.98188, 38.90853 ], [ -76.98194, 38.90845 ], [ -76.98188, 38.90853 ], [ -76.9817, 38.90878 ], [ -76.9803, 38.90804 ], [ -76.9802, 38.90799 ], [ -76.98013, 38.9079 ], [ -76.97996, 38.90778 ], [ -76.97977, 38.90765 ], [ -76.97963, 38.90753 ], [ -76.97947, 38.90737 ], [ -76.97935, 38.90722 ], [ -76.97913, 38.90682 ], [ -76.97907, 38.90666 ], [ -76.97899, 38.90622 ], [ -76.97899, 38.906 ], [ -76.97899, 38.90563 ], [ -76.97899, 38.90527 ], [ -76.97899, 38.90497 ], [ -76.97899, 38.90468 ], [ -76.97899, 38.90437 ], [ -76.97899, 38.90408 ], [ -76.97899, 38.90372 ], [ -76.97899, 38.90333 ], [ -76.97899, 38.9029 ], [ -76.97899, 38.90251 ], [ -76.97899, 38.90195 ], [ -76.97899, 38.90148 ], [ -76.97899, 38.9014 ], [ -76.97899, 38.90083 ], [ -76.97927, 38.90075 ], [ -76.97941, 38.90072 ], [ -76.97972, 38.90077 ] ] } },
{ "type": "Feature", "properties": { "feature_type": "stop_store", "store": "Safeway (1601 MARYLAND AVENUE NE)", "trip": 2, "sequence": 0.0, "address": "1601 MARYLAND AVENUE NE", "distance_km": null, "duration_min": null }, "geometry": { "type": "Point", "coordinates": [ -76.979772316624405, 38.900575082088778 ] } },
{ "type": "Feature", "properties": { "feature_type": "stop_delivery", "store": "Safeway (1601 MARYLAND AVENUE NE)", "trip": 2, "sequence": 1.0, "address": "1741 A STREET SE", "distance_km": null, "duration_min": null }, "geometry": { "type": "Point", "coordinates": [ -76.97960393, 38.88847648 ] } },
{ "type": "Feature", "properties": { "feature_type": "stop_delivery", "store": "Safeway (1601 MARYLAND AVENUE NE)", "trip": 2, "sequence": 2.0, "address": "1440 INDEPENDENCE AVENUE SE", "distance_km": null, "duration_min": null }, "geometry": { "type": "Point", "coordinates": [ -76.98394847, 38.88777378 ] } },
{ "type": "Feature", "properties": { "feature_type": "stop_delivery", "store": "Safeway (1601 MARYLAND AVENUE NE)", "trip": 2, "sequence": 3.0, "address": "1164 MORSE STREET NE", "distance_km": null, "duration_min": null }, "geometry": { "type": "Point", "coordinates": [ -76.99026722, 38.90414619 ] } },
{ "type": "Feature", "properties": { "feature_type": "stop_delivery", "store": "Safeway (1601 MARYLAND AVENUE NE)", "trip": 2, "sequence": 4.0, "address": "600 G STREET NE", "distance_km": null, "duration_min": null }, "geometry": { "type": "Point", "coordinates": [ -76.99821926, 38.89904128 ] } },
{ "type": "Feature", "properties": { "feature_type": "stop_delivery", "store": "Safeway (1601 MARYLAND AVENUE NE)", "trip": 2, "sequence": 5.0, "address": "723 3RD STREET NE", "distance_km": null, "duration_min": null }, "geometry": { "type": "Point", "coordinates": [ -77.00180138, 38.8995162 ] } },
{ "type": "Feature", "properties": { "feature_type": "stop_delivery", "store": "Safeway (1601 MARYLAND AVENUE NE)", "trip": 2, "sequence": 6.0, "address": "325 K STREET NE", "distance_km": null, "duration_min": null }, "geometry": { "type": "Point", "coordinates": [ -77.00111032, 38.90223826 ] } },
{ "type": "Feature", "properties": { "feature_type": "stop_delivery", "store": "Safeway (1601 MARYLAND AVENUE NE)", "trip": 2, "sequence": 7.0, "address": "1947 C 4TH STREET NE", "distance_km": null, "duration_min": null }, "geometry": { "type": "Point", "coordinates": [ -77.0003427, 38.91682739 ] } },
{ "type": "Feature", "properties": { "feature_type": "stop_delivery", "store": "Safeway (1601 MARYLAND AVENUE NE)", "trip": 2, "sequence": 8.0, "address": "1219 HAMLIN STREET NE", "distance_km": null, "duration_min": null }, "geometry": { "type": "Point", "coordinates": [ -76.98942735, 38.92743968 ] } },
{ "type": "Feature", "properties": { "feature_type": "stop_delivery", "store": "Safeway (1601 MARYLAND AVENUE NE)", "trip": 2, "sequence": 9.0, "address": "2610 31ST STREET NE", "distance_km": null, "duration_min": null }, "geometry": { "type": "Point", "coordinates": [ -76.96390278, 38.92396522 ] } },
{ "type": "Feature", "properties": { "feature_type": "stop_delivery", "store": "Safeway (1601 MARYLAND AVENUE NE)", "trip": 2, "sequence": 10.0, "address": "1737 TRINIDAD AVENUE NE", "distance_km": null, "duration_min": null }, "geometry": { "type": "Point", "coordinates": [ -76.98218427, 38.90856203 ] } },
{ "type": "Feature", "properties": { "feature_type": "stop_store", "store": "Safeway (1601 MARYLAND AVENUE NE)", "trip": 2, "sequence": 11.0, "address": "1601 MARYLAND AVENUE NE", "distance_km": null, "duration_min": null }, "geometry": { "type": "Point", "coordinates": [ -76.979772316624405, 38.900575082088778 ] } },
{ "type": "Feature", "properties": { "feature_type": "route", "store": "Safeway (415 14TH STREET SE)", "trip": 1, "sequence": null, "address": null, "distance_km": 21.7, "duration_min": 48.8 }, "geometry": { "type": "LineString", "coordinates": [ [ -76.9869, 38.88355 ], [ -76.9869, 38.88348 ], [ -76.98692, 38.88285 ], [ -76.98692, 38.8824 ], [ -76.98692, 38.88207 ], [ -76.98692, 38.88164 ], [ -76.98692, 38.88127 ], [ -76.98702, 38.88127 ], [ -76.98712, 38.8813 ], [ -76.98726, 38.8813 ], [ -76.9875, 38.88127 ], [ -76.98832, 38.88159 ], [ -76.98832, 38.88137 ], [ -76.98605, 38.88044 ], [ -76.98608, 38.88038 ], [ -76.98614, 38.88022 ], [ -76.98617, 38.88016 ], [ -76.98625, 38.88008 ], [ -76.9865, 38.87993 ], [ -76.98658, 38.8799 ], [ -76.98703, 38.87971 ], [ -76.98746, 38.87954 ], [ -76.98758, 38.87949 ], [ -76.98773, 38.87942 ], [ -76.98808, 38.87928 ], [ -76.98832, 38.87928 ], [ -76.989, 38.87928 ], [ -76.99025, 38.87928 ], [ -76.99025, 38.87956 ], [ -76.99025, 38.87964 ], [ -76.99025, 38.87956 ], [ -76.99025, 38.87928 ], [ -76.99091, 38.87928 ], [ -76.99153, 38.87928 ], [ -76.99154, 38.87889 ], [ -76.99153, 38.87871 ], [ -76.99153, 38.87866 ], [ -76.99153, 38.8784 ], [ -76.99152, 38.8781 ], [ -76.99152, 38.87766 ], [ -76.99152, 38.87723 ], [ -76.99151, 38.87697 ], [ -76.9915, 38.87662 ], [ -76.9915, 38.87655 ], [ -76.99158, 38.87645 ], [ -76.99158, 38.87562 ], [ -76.99157, 38.8752 ], [ -76.99157, 38.87462 ], [ -76.99157, 38.87414 ], [ -76.99147, 38.87381 ], [ -76.99141, 38.87359 ], [ -76.99136, 38.87338 ], [ -76.99129, 38.8733 ], [ -76.99111, 38.87287 ], [ -76.99099, 38.87263 ], [ -76.99083, 38.87236 ], [ -76.99055, 38.87198 ], [ -76.98934, 38.87046 ], [ -76.98911, 38.87017 ], [ -76.98884, 38.86979 ], [ -76.98872, 38.86962 ], [ -76.98857, 38.8694 ], [ -76.98842, 38.86917 ], [ -76.98829, 38.86898 ], [ -76.98824, 38.86888 ], [ -76.9882, 38.86879 ], [ -76.98818, 38.86862 ], [ -76.98819, 38.86841 ], [ -76.98824, 38.86824 ], [ -76.98829, 38.86812 ], [ -76.98836, 38.86796 ], [ -76.98862, 38.86743 ], [ -76.98811, 38.86733 ], [ -76.98803, 38.86732 ], [ -76.98776, 38.86726 ], [ -76.98705, 38.86713 ], [ -76.98706, 38.86744 ], [ -76.98706, 38.86758 ], [ -76.98706, 38.8679 ], [ -76.98706, 38.86824 ], [ -76.98706, 38.86858 ], [ -76.98667, 38.86858 ], [ -76.98706, 38.86858 ], [ -76.98706, 38.86824 ], [ -76.98706, 38.8679 ], [ -76.98706, 38.86758 ], [ -76.98706, 38.86744 ], [ -76.98705, 38.86713 ], [ -76.98598, 38.86693 ], [ -76.98593, 38.86693 ], [ -76.98513, 38.86678 ], [ -76.98493, 38.86674 ], [ -76.98436, 38.86664 ], [ -76.98318, 38.86643 ], [ -76.98331, 38.86599 ], [ -76.98339, 38.86573 ], [ -76.98344, 38.86556 ], [ -76.9837, 38.86471 ], [ -76.98304, 38.86459 ], [ -76.98243, 38.86447 ], [ -76.98255, 38.86404 ], [ -76.98268, 38.86362 ], [ -76.9827, 38.86352 ], [ -76.98268, 38.86307 ], [ -76.98267, 38.86287 ], [ -76.98268, 38.86278 ], [ -76.98275, 38.8623 ], [ -76.98285, 38.86143 ], [ -76.98321, 38.86109 ], [ -76.98336, 38.86095 ], [ -76.98349, 38.86086 ], [ -76.98394, 38.86116 ], [ -76.98418, 38.86131 ], [ -76.98394, 38.86116 ], [ -76.98349, 38.86086 ], [ -76.9836, 38.86078 ], [ -76.98365, 38.86072 ], [ -76.98366, 38.86053 ], [ -76.98366, 38.86017 ], [ -76.98374, 38.86008 ], [ -76.98479, 38.85917 ], [ -76.98492, 38.85905 ], [ -76.98519, 38.85882 ], [ -76.98553, 38.85852 ], [ -76.98577, 38.85869 ], [ -76.98609, 38.85841 ], [ -76.98636, 38.85817 ], [ -76.98679, 38.85844 ], [ -76.98695, 38.85854 ], [ -76.98724, 38.85873 ], [ -76.98748, 38.85851 ], [ -76.9876, 38.85859 ], [ -76.98785, 38.8584 ], [ -76.98808, 38.85856 ], [ -76.98834, 38.85831 ], [ -76.98858, 38.85842 ], [ -76.98869, 38.85844 ], [ -76.99015, 38.85847 ], [ -76.99088, 38.85848 ], [ -76.99149, 38.85844 ], [ -76.99187, 38.85844 ], [ -76.99269, 38.85842 ], [ -76.99327, 38.85842 ], [ -76.99337, 38.85898 ], [ -76.99374, 38.86126 ], [ -76.99383, 38.86146 ], [ -76.99393, 38.86131 ], [ -76.99412, 38.86102 ], [ -76.99429, 38.86074 ], [ -76.99444, 38.86049 ], [ -76.99461, 38.86024 ], [ -76.99506, 38.85954 ], [ -76.99521, 38.85931 ], [ -76.99545, 38.85882 ], [ -76.99554, 38.85853 ], [ -76.99563, 38.85817 ], [ -76.99564, 38.85812 ], [ -76.99568, 38.85794 ], [ -76.99575, 38.8576 ], [ -76.99577, 38.85747 ], [ -76.99591, 38.85682 ], [ -76.99593, 38.85672 ], [ -76.99608, 38.85607 ], [ -76.99611, 38.85576 ], [ -76.99606, 38.85507 ], [ -76.99592, 38.85306 ], [ -76.99587, 38.85249 ], [ -76.99588, 38.85185 ], [ -76.9959, 38.85141 ], [ -76.99594, 38.85009 ], [ -76.99596, 38.84951 ], [ -76.99601, 38.84805 ], [ -76.99602, 38.8475 ], [ -76.99603, 38.84739 ], [ -76.99607, 38.84704 ], [ -76.99613, 38.84686 ], [ -76.99621, 38.84668 ], [ -76.99631, 38.84654 ], [ -76.99655, 38.84621 ], [ -76.99672, 38.84599 ], [ -76.9969, 38.84574 ], [ -76.99698, 38.84564 ], [ -76.99708, 38.84551 ], [ -76.99739, 38.84509 ], [ -76.99751, 38.84492 ], [ -76.99769, 38.84471 ], [ -76.99777, 38.84465 ], [ -76.99787, 38.84452 ], [ -76.99802, 38.84434 ], [ -76.9981, 38.84424 ], [ -76.99824, 38.84413 ], [ -76.9984, 38.84403 ], [ -76.99852, 38.84398 ], [ -76.99907, 38.84368 ], [ -76.9992, 38.84358 ], [ -76.9997, 38.84329 ], [ -77.00025, 38.84305 ], [ -77.00028, 38.84301 ], [ -77.00038, 38.84298 ], [ -77.00058, 38.84294 ], [ -77.00058, 38.84262 ], [ -77.00057, 38.84188 ], [ -77.00057, 38.84039 ], [ -77.00057, 38.83988 ], [ -77.00057, 38.83846 ], [ -77.00057, 38.83802 ], [ -77.00058, 38.83705 ], [ -77.00076, 38.83629 ], [ -77.00106, 38.83613 ], [ -77.00188, 38.83567 ], [ -77.00282, 38.83506 ], [ -77.00323, 38.83479 ], [ -77.00332, 38.83473 ], [ -77.00378, 38.83443 ], [ -77.00413, 38.8342 ], [ -77.00415, 38.83419 ], [ -77.00515, 38.83353 ], [ -77.00589, 38.83304 ], [ -77.00659, 38.83258 ], [ -77.00687, 38.83235 ], [ -77.00706, 38.83214 ], [ -77.00727, 38.83187 ], [ -77.00745, 38.83155 ], [ -77.0075, 38.83138 ], [ -77.00775, 38.8314 ], [ -77.00771, 38.83121 ], [ -77.00768, 38.83086 ], [ -77.00768, 38.83034 ], [ -77.00768, 38.83022 ], [ -77.00767, 38.82972 ], [ -77.00768, 38.82921 ], [ -77.00768, 38.8278 ], [ -77.00767, 38.82734 ], [ -77.00762, 38.82686 ], [ -77.00757, 38.82663 ], [ -77.00743, 38.82626 ], [ -77.00734, 38.82606 ], [ -77.00709, 38.82566 ], [ -77.00675, 38.82514 ], [ -77.0073, 38.82515 ], [ -77.0074, 38.82516 ], [ -77.0078, 38.82516 ], [ -77.01084, 38.82521 ], [ -77.01253, 38.82524 ], [ -77.01257, 38.82558 ], [ -77.01257, 38.82563 ], [ -77.01257, 38.82572 ], [ -77.01259, 38.82605 ], [ -77.01259, 38.82638 ], [ -77.01259, 38.82657 ], [ -77.01259, 38.82701 ], [ -77.01259, 38.82735 ], [ -77.01259, 38.8275 ], [ -77.01259, 38.8278 ], [ -77.01259, 38.82794 ], [ -77.01259, 38.82867 ], [ -77.01254, 38.82895 ], [ -77.01247, 38.82915 ], [ -77.0124, 38.8293 ], [ -77.01222, 38.82957 ], [ -77.01205, 38.82975 ], [ -77.01196, 38.82984 ], [ -77.01167, 38.83009 ], [ -77.01074, 38.83093 ], [ -77.00994, 38.83165 ], [ -77.00949, 38.83203 ], [ -77.00921, 38.83231 ], [ -77.00896, 38.83261 ], [ -77.00885, 38.8328 ], [ -77.00872, 38.83292 ], [ -77.00866, 38.83295 ], [ -77.00846, 38.83293 ], [ -77.00837, 38.83289 ], [ -77.00839, 38.83306 ], [ -77.00842, 38.83363 ], [ -77.00835, 38.83385 ], [ -77.00824, 38.8342 ], [ -77.00811, 38.83463 ], [ -77.00802, 38.83497 ], [ -77.00797, 38.83515 ], [ -77.00782, 38.83556 ], [ -77.00779, 38.83569 ], [ -77.00778, 38.83591 ], [ -77.00792, 38.83628 ], [ -77.00843, 38.83757 ], [ -77.00878, 38.83824 ], [ -77.00899, 38.83868 ], [ -77.00907, 38.83895 ], [ -77.00908, 38.83912 ], [ -77.00904, 38.83943 ], [ -77.0088, 38.84028 ], [ -77.00875, 38.84059 ], [ -77.00852, 38.84293 ], [ -77.00844, 38.84369 ], [ -77.00832, 38.845 ], [ -77.0083, 38.84519 ], [ -77.00811, 38.84708 ], [ -77.00783, 38.84983 ], [ -77.00782, 38.85067 ], [ -77.00776, 38.8509 ], [ -77.00763, 38.85117 ], [ -77.00621, 38.85336 ], [ -77.00603, 38.85366 ], [ -77.00586, 38.85407 ], [ -77.00561, 38.85499 ], [ -77.00547, 38.8555 ], [ -77.00539, 38.856 ], [ -77.00535, 38.85617 ], [ -77.00527, 38.85647 ], [ -77.00504, 38.8573 ], [ -77.00487, 38.85794 ], [ -77.00466, 38.85855 ], [ -77.00463, 38.85861 ], [ -77.00436, 38.85919 ], [ -77.00409, 38.85967 ], [ -77.0039, 38.85997 ], [ -77.00342, 38.86069 ], [ -77.00323, 38.86089 ], [ -77.00293, 38.86134 ], [ -77.00281, 38.86159 ], [ -77.0027, 38.86195 ], [ -77.00263, 38.86262 ], [ -77.00258, 38.8635 ], [ -77.00256, 38.86481 ], [ -77.00258, 38.8654 ], [ -77.00253, 38.86553 ], [ -77.00245, 38.86564 ], [ -77.00237, 38.8657 ], [ -77.00222, 38.86576 ], [ -77.00209, 38.86578 ], [ -77.00196, 38.8658 ], [ -77.00181, 38.86586 ], [ -77.0017, 38.86596 ], [ -77.00162, 38.86607 ], [ -77.0016, 38.8662 ], [ -77.0016, 38.86694 ], [ -77.0016, 38.86707 ], [ -77.00163, 38.8672 ], [ -77.00168, 38.86727 ], [ -77.00175, 38.86734 ], [ -77.00186, 38.8674 ], [ -77.00204, 38.86745 ], [ -77.00218, 38.86745 ], [ -77.00228, 38.86743 ], [ -77.00254, 38.86738 ], [ -77.00274, 38.86738 ], [ -77.00283, 38.86741 ], [ -77.00325, 38.86758 ], [ -77.00791, 38.86946 ], [ -77.00824, 38.86959 ], [ -77.00837, 38.86968 ], [ -77.00845, 38.86979 ], [ -77.00852, 38.87001 ], [ -77.00852, 38.87078 ], [ -77.00833, 38.87094 ], [ -77.00794, 38.87115 ], [ -77.00786, 38.87118 ], [ -77.00746, 38.87134 ], [ -77.00732, 38.8714 ], [ -77.00606, 38.87191 ], [ -77.00592, 38.872 ], [ -77.00589, 38.87209 ], [ -77.0059, 38.87298 ], [ -77.00589, 38.87378 ], [ -77.00591, 38.87464 ], [ -77.00591, 38.8754 ], [ -77.00591, 38.87589 ], [ -77.0059, 38.87645 ], [ -77.0043, 38.87646 ], [ -77.00414, 38.87646 ], [ -77.004, 38.87646 ], [ -77.00353, 38.87646 ], [ -77.00296, 38.87646 ], [ -77.00296, 38.87654 ], [ -77.00296, 38.87703 ], [ -77.00249, 38.87704 ], [ -77.00205, 38.87704 ], [ -77.00205, 38.87753 ], [ -77.00204, 38.87781 ], [ -77.00204, 38.87814 ], [ -77.00204, 38.87841 ], [ -77.00204, 38.87929 ], [ -77.00296, 38.87928 ], [ -77.00354, 38.87928 ], [ -77.00516, 38.87928 ], [ -77.00524, 38.87951 ], [ -77.00527, 38.87961 ], [ -77.0056, 38.88053 ], [ -77.00575, 38.88093 ], [ -77.006, 38.88162 ], [ -77.00643, 38.8828 ], [ -77.0066, 38.88323 ], [ -77.00662, 38.88329 ], [ -77.00686, 38.88324 ], [ -77.00736, 38.88323 ], [ -77.00736, 38.88356 ], [ -77.00745, 38.88378 ], [ -77.00736, 38.88356 ], [ -77.00736, 38.88323 ], [ -77.00686, 38.88324 ], [ -77.0066, 38.88323 ], [ -77.00589, 38.88323 ], [ -77.00589, 38.8826 ], [ -77.00543, 38.8826 ], [ -77.00542, 38.88234 ], [ -77.00489, 38.88234 ], [ -77.00396, 38.88234 ], [ -77.00396, 38.8826 ], [ -77.00352, 38.8826 ], [ -77.00352, 38.88324 ], [ -77.00298, 38.88324 ], [ -77.00253, 38.88324 ], [ -77.00204, 38.88323 ], [ -77.00164, 38.88323 ], [ -77.00095, 38.88324 ], [ -77.00057, 38.88323 ], [ -76.99951, 38.88322 ], [ -76.99883, 38.88322 ], [ -76.99867, 38.88322 ], [ -76.99846, 38.88326 ], [ -76.99649, 38.88377 ], [ -76.99618, 38.88377 ], [ -76.99618, 38.88428 ], [ -76.99617, 38.88457 ], [ -76.99497, 38.88408 ], [ -76.99425, 38.88379 ], [ -76.99395, 38.88366 ], [ -76.99376, 38.88359 ], [ -76.99376, 38.88381 ], [ -76.99376, 38.88411 ], [ -76.99376, 38.88461 ], [ -76.99338, 38.88461 ], [ -76.99265, 38.88481 ], [ -76.99153, 38.8851 ], [ -76.99024, 38.88544 ], [ -76.98893, 38.8858 ], [ -76.98831, 38.88596 ], [ -76.98728, 38.88624 ], [ -76.98694, 38.88583 ], [ -76.98672, 38.88594 ], [ -76.98694, 38.88583 ], [ -76.98655, 38.88536 ], [ -76.9855, 38.88411 ], [ -76.98623, 38.88411 ], [ -76.98679, 38.88411 ], [ -76.9869, 38.88411 ], [ -76.9869, 38.88355 ] ] } },
{ "type": "Feature", "properties": { "feature_type": "stop_store", "store": "Safeway (415 14TH STREET SE)", "trip": 1, "sequence": 0.0, "address": "415 14TH STREET SE", "distance_km": null, "duration_min": null }, "geometry": { "type": "Point", "coordinates": [ -76.986551508030303, 38.883549062855472 ] } },
{ "type": "Feature", "properties": { "feature_type": "stop_delivery", "store": "Safeway (415 14TH STREET SE)", "trip": 1, "sequence": 1.0, "address": "751 12TH STREET SE", "distance_km": null, "duration_min": null }, "geometry": { "type": "Point", "coordinates": [ -76.99052826, 38.8796441 ] } },
{ "type": "Feature", "properties": { "feature_type": "stop_delivery", "store": "Safeway (415 14TH STREET SE)", "trip": 1, "sequence": 2.0, "address": "1306 S STREET SE", "distance_km": null, "duration_min": null }, "geometry": { "type": "Point", "coordinates": [ -76.98667089, 38.86841896 ] } },
{ "type": "Feature", "properties": { "feature_type": "stop_delivery", "store": "Safeway (415 14TH STREET SE)", "trip": 1, "sequence": 3.0, "address": "1517 V STREET SE", "distance_km": null, "duration_min": null }, "geometry": { "type": "Point", "coordinates": [ -76.98309162, 38.86441921 ] } },
{ "type": "Feature", "properties": { "feature_type": "stop_delivery", "store": "Safeway (415 14TH STREET SE)", "trip": 1, "sequence": 4.0, "address": "1619 BUTLER STREET SE", "distance_km": null, "duration_min": null }, "geometry": { "type": "Point", "coordinates": [ -76.9843227, 38.86118023 ] } },
{ "type": "Feature", "properties": { "feature_type": "stop_delivery", "store": "Safeway (415 14TH STREET SE)", "trip": 1, "sequence": 5.0, "address": "1444 HOWARD ROAD SE", "distance_km": null, "duration_min": null }, "geometry": { "type": "Point", "coordinates": [ -76.98705907, 38.85844471 ] } },
{ "type": "Feature", "properties": { "feature_type": "stop_delivery", "store": "Safeway (415 14TH STREET SE)", "trip": 1, "sequence": 6.0, "address": "132 FORRESTER STREET SW", "distance_km": null, "duration_min": null }, "geometry": { "type": "Point", "coordinates": [ -77.01085011, 38.82501907 ] } },
{ "type": "Feature", "properties": { "feature_type": "stop_delivery", "store": "Safeway (415 14TH STREET SE)", "trip": 1, "sequence": 7.0, "address": "1100 2ND PLACE SE", "distance_km": null, "duration_min": null }, "geometry": { "type": "Point", "coordinates": [ -77.00249644, 38.87723678 ] } },
{ "type": "Feature", "properties": { "feature_type": "stop_delivery", "store": "Safeway (415 14TH STREET SE)", "trip": 1, "sequence": 8.0, "address": "429 NEW JERSEY AVENUE SE", "distance_km": null, "duration_min": null }, "geometry": { "type": "Point", "coordinates": [ -77.00723738, 38.88394385 ] } },
{ "type": "Feature", "properties": { "feature_type": "stop_delivery", "store": "Safeway (415 14TH STREET SE)", "trip": 1, "sequence": 9.0, "address": "128 F STREET SE", "distance_km": null, "duration_min": null }, "geometry": { "type": "Point", "coordinates": [ -77.00488973, 38.88216652 ] } },
{ "type": "Feature", "properties": { "feature_type": "stop_delivery", "store": "Safeway (415 14TH STREET SE)", "trip": 1, "sequence": 10.0, "address": "260 KENTUCKY AVENUE SE", "distance_km": null, "duration_min": null }, "geometry": { "type": "Point", "coordinates": [ -76.98665991, 38.88585966 ] } },
{ "type": "Feature", "properties": { "feature_type": "stop_store", "store": "Safeway (415 14TH STREET SE)", "trip": 1, "sequence": 11.0, "address": "415 14TH STREET SE", "distance_km": null, "duration_min": null }, "geometry": { "type": "Point", "coordinates": [ -76.986551508030303, 38.883549062855472 ] } },
{ "type": "Feature", "properties": { "feature_type": "route", "store": "Safeway (2845 ALABAMA AVENUE SE)", "trip": 1, "sequence": null, "address": null, "distance_km": 12.45, "duration_min": 31.5 }, "geometry": { "type": "LineString", "coordinates": [ [ -76.96686, 38.85915 ], [ -76.9668, 38.8592 ], [ -76.96666, 38.85933 ], [ -76.9665, 38.85944 ], [ -76.96635, 38.85952 ], [ -76.96614, 38.85961 ], [ -76.96606, 38.85964 ], [ -76.96595, 38.85974 ], [ -76.96582, 38.85986 ], [ -76.96569, 38.85998 ], [ -76.96563, 38.86003 ], [ -76.96564, 38.86009 ], [ -76.96568, 38.86015 ], [ -76.96577, 38.86029 ], [ -76.9651, 38.86054 ], [ -76.9649, 38.86064 ], [ -76.96479, 38.86072 ], [ -76.96436, 38.86089 ], [ -76.96385, 38.86107 ], [ -76.9638, 38.86109 ], [ -76.96315, 38.86132 ], [ -76.96233, 38.86162 ], [ -76.96224, 38.86164 ], [ -76.96199, 38.86169 ], [ -76.96149, 38.86173 ], [ -76.96049, 38.8618 ], [ -76.96017, 38.86183 ], [ -76.95958, 38.86188 ], [ -76.959, 38.86193 ], [ -76.95893, 38.86154 ], [ -76.95892, 38.86141 ], [ -76.95892, 38.86125 ], [ -76.95895, 38.8612 ], [ -76.95896, 38.86084 ], [ -76.95891, 38.8607 ], [ -76.95891, 38.86049 ], [ -76.95864, 38.86049 ], [ -76.95891, 38.86049 ], [ -76.95956, 38.86049 ], [ -76.95955, 38.85942 ], [ -76.95955, 38.85902 ], [ -76.95955, 38.85835 ], [ -76.96018, 38.85835 ], [ -76.96048, 38.85835 ], [ -76.96083, 38.85835 ], [ -76.96084, 38.85942 ], [ -76.96085, 38.8605 ], [ -76.96085, 38.8613 ], [ -76.96149, 38.86124 ], [ -76.96174, 38.86126 ], [ -76.96219, 38.86125 ], [ -76.9622, 38.86154 ], [ -76.96224, 38.86164 ], [ -76.96233, 38.86162 ], [ -76.96315, 38.86132 ], [ -76.96339, 38.86123 ], [ -76.9638, 38.86109 ], [ -76.96385, 38.86107 ], [ -76.96436, 38.86089 ], [ -76.96479, 38.86072 ], [ -76.96493, 38.8607 ], [ -76.96522, 38.86059 ], [ -76.96532, 38.86056 ], [ -76.96583, 38.86038 ], [ -76.96637, 38.86019 ], [ -76.9669, 38.86 ], [ -76.96701, 38.85994 ], [ -76.96741, 38.85971 ], [ -76.96767, 38.85952 ], [ -76.9678, 38.85936 ], [ -76.96819, 38.85891 ], [ -76.96899, 38.85797 ], [ -76.96946, 38.85741 ], [ -76.96994, 38.85707 ], [ -76.96994, 38.85721 ], [ -76.96998, 38.85731 ], [ -76.96998, 38.85824 ], [ -76.96998, 38.85869 ], [ -76.96998, 38.85878 ], [ -76.96998, 38.85924 ], [ -76.97035, 38.85928 ], [ -76.9707, 38.85938 ], [ -76.97097, 38.85949 ], [ -76.97137, 38.85974 ], [ -76.972, 38.86017 ], [ -76.97228, 38.86037 ], [ -76.9727, 38.85993 ], [ -76.9732, 38.86023 ], [ -76.9727, 38.85993 ], [ -76.97228, 38.86037 ], [ -76.972, 38.86017 ], [ -76.97137, 38.85974 ], [ -76.97097, 38.85949 ], [ -76.9707, 38.85938 ], [ -76.97035, 38.85928 ], [ -76.96998, 38.85924 ], [ -76.96998, 38.85878 ], [ -76.96998, 38.85869 ], [ -76.96998, 38.85824 ], [ -76.96998, 38.85731 ], [ -76.97002, 38.85721 ], [ -76.97002, 38.85715 ], [ -76.97001, 38.85702 ], [ -76.97001, 38.85647 ], [ -76.96997, 38.85638 ], [ -76.96997, 38.85636 ], [ -76.96997, 38.85624 ], [ -76.96997, 38.85578 ], [ -76.96998, 38.85517 ], [ -76.96998, 38.85501 ], [ -76.96998, 38.85481 ], [ -76.96998, 38.85445 ], [ -76.96998, 38.85355 ], [ -76.96998, 38.8533 ], [ -76.96998, 38.85304 ], [ -76.9702, 38.85302 ], [ -76.97056, 38.85302 ], [ -76.97058, 38.85302 ], [ -76.97122, 38.85302 ], [ -76.97168, 38.85302 ], [ -76.97221, 38.85302 ], [ -76.97271, 38.85302 ], [ -76.973, 38.85302 ], [ -76.97315, 38.85302 ], [ -76.97321, 38.85302 ], [ -76.97371, 38.85302 ], [ -76.97421, 38.85303 ], [ -76.9744, 38.85304 ], [ -76.97455, 38.85308 ], [ -76.97588, 38.85366 ], [ -76.97625, 38.85377 ], [ -76.97654, 38.85387 ], [ -76.97702, 38.85402 ], [ -76.97767, 38.85417 ], [ -76.97836, 38.85427 ], [ -76.97873, 38.8543 ], [ -76.97923, 38.85431 ], [ -76.97991, 38.85428 ], [ -76.9804, 38.85423 ], [ -76.98071, 38.85418 ], [ -76.981, 38.85412 ], [ -76.98144, 38.85401 ], [ -76.98226, 38.85375 ], [ -76.98333, 38.85335 ], [ -76.98341, 38.85349 ], [ -76.98348, 38.85356 ], [ -76.98361, 38.85364 ], [ -76.98376, 38.8537 ], [ -76.98442, 38.85389 ], [ -76.98525, 38.85412 ], [ -76.98576, 38.85441 ], [ -76.98596, 38.85454 ], [ -76.98615, 38.8547 ], [ -76.98635, 38.85491 ], [ -76.98643, 38.85501 ], [ -76.98652, 38.85517 ], [ -76.98621, 38.85533 ], [ -76.98602, 38.85544 ], [ -76.98621, 38.85533 ], [ -76.98652, 38.85517 ], [ -76.98643, 38.85501 ], [ -76.98635, 38.85491 ], [ -76.98615, 38.8547 ], [ -76.98596, 38.85454 ], [ -76.98576, 38.85441 ], [ -76.98525, 38.85412 ], [ -76.98442, 38.85389 ], [ -76.98376, 38.8537 ], [ -76.98361, 38.85364 ], [ -76.98348, 38.85356 ], [ -76.98341, 38.85349 ], [ -76.98333, 38.85335 ], [ -76.98327, 38.85324 ], [ -76.98318, 38.85309 ], [ -76.98311, 38.85299 ], [ -76.98298, 38.85288 ], [ -76.98268, 38.85266 ], [ -76.98139, 38.85175 ], [ -76.98117, 38.85158 ], [ -76.98108, 38.85147 ], [ -76.98102, 38.85129 ], [ -76.98101, 38.85075 ], [ -76.981, 38.84996 ], [ -76.98147, 38.85 ], [ -76.98146, 38.84919 ], [ -76.98144, 38.84875 ], [ -76.98153, 38.8487 ], [ -76.98166, 38.8487 ], [ -76.98153, 38.8487 ], [ -76.98144, 38.84875 ], [ -76.98146, 38.84919 ], [ -76.98098, 38.84916 ], [ -76.98098, 38.8489 ], [ -76.98096, 38.84875 ], [ -76.98087, 38.84848 ], [ -76.98055, 38.8476 ], [ -76.9804, 38.84717 ], [ -76.98031, 38.84691 ], [ -76.98066, 38.84679 ], [ -76.98168, 38.8465 ], [ -76.98243, 38.84628 ], [ -76.9828, 38.84618 ], [ -76.98343, 38.846 ], [ -76.98443, 38.84572 ], [ -76.98448, 38.8457 ], [ -76.98509, 38.84553 ], [ -76.98571, 38.84536 ], [ -76.9864, 38.84519 ], [ -76.98647, 38.84517 ], [ -76.98666, 38.84515 ], [ -76.98746, 38.84493 ], [ -76.98805, 38.84482 ], [ -76.98853, 38.84473 ], [ -76.98909, 38.84463 ], [ -76.98968, 38.84448 ], [ -76.99059, 38.84431 ], [ -76.99166, 38.84413 ], [ -76.99168, 38.84412 ], [ -76.99206, 38.84406 ], [ -76.99166, 38.84413 ], [ -76.99059, 38.84431 ], [ -76.98968, 38.84448 ], [ -76.98936, 38.84451 ], [ -76.98901, 38.84457 ], [ -76.98852, 38.84465 ], [ -76.98786, 38.84478 ], [ -76.98704, 38.84499 ], [ -76.98664, 38.8451 ], [ -76.98647, 38.84517 ], [ -76.9864, 38.84519 ], [ -76.98571, 38.84536 ], [ -76.98509, 38.84553 ], [ -76.98448, 38.8457 ], [ -76.98443, 38.84572 ], [ -76.98343, 38.846 ], [ -76.9828, 38.84618 ], [ -76.98243, 38.84628 ], [ -76.98168, 38.8465 ], [ -76.98066, 38.84679 ], [ -76.98031, 38.84691 ], [ -76.98018, 38.84695 ], [ -76.97979, 38.84711 ], [ -76.97931, 38.84736 ], [ -76.97916, 38.84745 ], [ -76.97902, 38.84755 ], [ -76.97869, 38.84781 ], [ -76.97841, 38.84807 ], [ -76.97814, 38.84839 ], [ -76.97795, 38.84863 ], [ -76.97771, 38.84902 ], [ -76.97745, 38.84934 ], [ -76.97713, 38.84967 ], [ -76.97686, 38.84991 ], [ -76.97654, 38.85014 ], [ -76.97624, 38.85031 ], [ -76.97638, 38.85047 ], [ -76.97624, 38.85031 ], [ -76.97583, 38.85051 ], [ -76.9755, 38.85064 ], [ -76.97528, 38.85071 ], [ -76.97519, 38.85073 ], [ -76.97483, 38.85082 ], [ -76.97476, 38.85084 ], [ -76.97449, 38.85091 ], [ -76.97421, 38.85098 ], [ -76.9737, 38.8511 ], [ -76.97331, 38.85115 ], [ -76.97321, 38.85116 ], [ -76.97301, 38.85119 ], [ -76.97263, 38.85123 ], [ -76.97222, 38.8513 ], [ -76.97197, 38.85137 ], [ -76.9717, 38.85148 ], [ -76.97143, 38.85162 ], [ -76.97105, 38.85186 ], [ -76.9706, 38.85214 ], [ -76.97041, 38.85226 ], [ -76.97021, 38.85246 ], [ -76.97005, 38.85272 ], [ -76.97, 38.85285 ], [ -76.96998, 38.85304 ], [ -76.9691, 38.85304 ], [ -76.9691, 38.85361 ], [ -76.96908, 38.85367 ], [ -76.96901, 38.85372 ], [ -76.96865, 38.85372 ], [ -76.96835, 38.85371 ], [ -76.96815, 38.85367 ], [ -76.96797, 38.85362 ], [ -76.96783, 38.85356 ], [ -76.96766, 38.85346 ], [ -76.96751, 38.85334 ], [ -76.96738, 38.85321 ], [ -76.9673, 38.85309 ], [ -76.96721, 38.85289 ], [ -76.96718, 38.85274 ], [ -76.96721, 38.85289 ], [ -76.9673, 38.85309 ], [ -76.96738, 38.85321 ], [ -76.96751, 38.85334 ], [ -76.96766, 38.85346 ], [ -76.96783, 38.85356 ], [ -76.96797, 38.85362 ], [ -76.96815, 38.85367 ], [ -76.96835, 38.85371 ], [ -76.96865, 38.85372 ], [ -76.96901, 38.85372 ], [ -76.96908, 38.85367 ], [ -76.9691, 38.85361 ], [ -76.9691, 38.85304 ], [ -76.96998, 38.85304 ], [ -76.96998, 38.8533 ], [ -76.96998, 38.85355 ], [ -76.96998, 38.85445 ], [ -76.96998, 38.85481 ], [ -76.96998, 38.85501 ], [ -76.96998, 38.85517 ], [ -76.96997, 38.85578 ], [ -76.96997, 38.85624 ], [ -76.96997, 38.85636 ], [ -76.96997, 38.85638 ], [ -76.96994, 38.85647 ], [ -76.96994, 38.85672 ], [ -76.96972, 38.85704 ], [ -76.96959, 38.85723 ], [ -76.96946, 38.85741 ], [ -76.96899, 38.85797 ], [ -76.96819, 38.85891 ], [ -76.9678, 38.85936 ], [ -76.96765, 38.85941 ], [ -76.96751, 38.85922 ], [ -76.96711, 38.85895 ], [ -76.96706, 38.8589 ], [ -76.96693, 38.85908 ], [ -76.96686, 38.85915 ] ] } },
{ "type": "Feature", "properties": { "feature_type": "stop_store", "store": "Safeway (2845 ALABAMA AVENUE SE)", "trip": 1, "sequence": 0.0, "address": "2845 ALABAMA AVENUE SE", "distance_km": null, "duration_min": null }, "geometry": { "type": "Point", "coordinates": [ -76.966673223138443, 38.859032219035655 ] } },
{ "type": "Feature", "properties": { "feature_type": "stop_delivery", "store": "Safeway (2845 ALABAMA AVENUE SE)", "trip": 1, "sequence": 1.0, "address": "2330 BRANCH AVENUE SE", "distance_km": null, "duration_min": null }, "geometry": { "type": "Point", "coordinates": [ -76.9586374, 38.86067318 ] } },
{ "type": "Feature", "properties": { "feature_type": "stop_delivery", "store": "Safeway (2845 ALABAMA AVENUE SE)", "trip": 1, "sequence": 2.0, "address": "2601 33RD STREET SE", "distance_km": null, "duration_min": null }, "geometry": { "type": "Point", "coordinates": [ -76.96047997, 38.85817319 ] } },
{ "type": "Feature", "properties": { "feature_type": "stop_delivery", "store": "Safeway (2845 ALABAMA AVENUE SE)", "trip": 1, "sequence": 3.0, "address": "3031 ALABAMA AVENUE SE", "distance_km": null, "duration_min": null }, "geometry": { "type": "Point", "coordinates": [ -76.96325748, 38.86101155 ] } },
{ "type": "Feature", "properties": { "feature_type": "stop_delivery", "store": "Safeway (2845 ALABAMA AVENUE SE)", "trip": 1, "sequence": 4.0, "address": "2308 SKYLAND TERRACE SE", "distance_km": null, "duration_min": null }, "geometry": { "type": "Point", "coordinates": [ -76.97335574, 38.86006525 ] } },
{ "type": "Feature", "properties": { "feature_type": "stop_delivery", "store": "Safeway (2845 ALABAMA AVENUE SE)", "trip": 1, "sequence": 5.0, "address": "2445 JAMES BANKS ROAD SE", "distance_km": null, "duration_min": null }, "geometry": { "type": "Point", "coordinates": [ -76.98592528, 38.85534255 ] } },
{ "type": "Feature", "properties": { "feature_type": "stop_delivery", "store": "Safeway (2845 ALABAMA AVENUE SE)", "trip": 1, "sequence": 6.0, "address": "1513 SHIPPEN LANE SE", "distance_km": null, "duration_min": null }, "geometry": { "type": "Point", "coordinates": [ -76.98166372, 38.84884334 ] } },
{ "type": "Feature", "properties": { "feature_type": "stop_delivery", "store": "Safeway (2845 ALABAMA AVENUE SE)", "trip": 1, "sequence": 7.0, "address": "1015 SYCAMORE DRIVE SE", "distance_km": null, "duration_min": null }, "geometry": { "type": "Point", "coordinates": [ -76.99174752, 38.84435615 ] } },
{ "type": "Feature", "properties": { "feature_type": "stop_delivery", "store": "Safeway (2845 ALABAMA AVENUE SE)", "trip": 1, "sequence": 8.0, "address": "1007 ALABAMA AVENUE SE", "distance_km": null, "duration_min": null }, "geometry": { "type": "Point", "coordinates": [ -76.9920078, 38.84386086 ] } },
{ "type": "Feature", "properties": { "feature_type": "stop_delivery", "store": "Safeway (2845 ALABAMA AVENUE SE)", "trip": 1, "sequence": 9.0, "address": "1888 ALABAMA AVENUE SE", "distance_km": null, "duration_min": null }, "geometry": { "type": "Point", "coordinates": [ -76.97656577, 38.85037497 ] } },
{ "type": "Feature", "properties": { "feature_type": "stop_delivery", "store": "Safeway (2845 ALABAMA AVENUE SE)", "trip": 1, "sequence": 10.0, "address": "2730 KNOX TERRACE SE", "distance_km": null, "duration_min": null }, "geometry": { "type": "Point", "coordinates": [ -76.96696985, 38.8527606 ] } },
{ "type": "Feature", "properties": { "feature_type": "stop_store", "store": "Safeway (2845 ALABAMA AVENUE SE)", "trip": 1, "sequence": 11.0, "address": "2845 ALABAMA AVENUE SE", "distance_km": null, "duration_min": null }, "geometry": { "type": "Point", "coordinates": [ -76.966673223138443, 38.859032219035655 ] } },
{ "type": "Feature", "properties": { "feature_type": "route", "store": "Safeway (6500 PINEY BRANCH ROAD NW)", "trip": 1, "sequence": null, "address": null, "distance_km": 14.88, "duration_min": 35.7 }, "geometry": { "type": "LineString", "coordinates": [ [ -77.02655, 38.96922 ], [ -77.02668, 38.96922 ], [ -77.02687, 38.96922 ], [ -77.02708, 38.96922 ], [ -77.02733, 38.96922 ], [ -77.02733, 38.96916 ], [ -77.02735, 38.96898 ], [ -77.02736, 38.96886 ], [ -77.02737, 38.96868 ], [ -77.02738, 38.96863 ], [ -77.02739, 38.96853 ], [ -77.02741, 38.96826 ], [ -77.02741, 38.96822 ], [ -77.02743, 38.96799 ], [ -77.02744, 38.96791 ], [ -77.02748, 38.96754 ], [ -77.02764, 38.96744 ], [ -77.0279, 38.96731 ], [ -77.028, 38.96722 ], [ -77.02815, 38.96702 ], [ -77.02834, 38.96674 ], [ -77.02846, 38.96655 ], [ -77.02849, 38.9665 ], [ -77.02856, 38.9664 ], [ -77.02875, 38.96614 ], [ -77.02936, 38.96543 ], [ -77.02953, 38.96525 ], [ -77.02968, 38.96507 ], [ -77.02978, 38.96495 ], [ -77.02992, 38.96479 ], [ -77.02999, 38.96469 ], [ -77.03004, 38.96452 ], [ -77.03005, 38.96438 ], [ -77.03003, 38.96427 ], [ -77.02998, 38.96417 ], [ -77.02981, 38.96391 ], [ -77.02974, 38.96377 ], [ -77.0297, 38.96362 ], [ -77.02969, 38.96335 ], [ -77.02969, 38.9627 ], [ -77.02969, 38.96218 ], [ -77.02969, 38.96151 ], [ -77.0297, 38.96106 ], [ -77.0297, 38.96099 ], [ -77.0297, 38.96081 ], [ -77.02969, 38.96051 ], [ -77.02969, 38.9602 ], [ -77.03002, 38.95999 ], [ -77.03016, 38.95988 ], [ -77.03057, 38.95941 ], [ -77.03072, 38.95924 ], [ -77.03085, 38.95909 ], [ -77.03147, 38.95835 ], [ -77.03203, 38.9577 ], [ -77.03238, 38.95728 ], [ -77.03295, 38.9566 ], [ -77.03302, 38.95655 ], [ -77.03315, 38.95651 ], [ -77.03342, 38.95651 ], [ -77.03342, 38.95621 ], [ -77.03406, 38.95621 ], [ -77.03415, 38.95621 ], [ -77.03568, 38.95621 ], [ -77.03571, 38.95621 ], [ -77.03635, 38.95622 ], [ -77.03646, 38.95622 ], [ -77.03645, 38.95293 ], [ -77.0364, 38.95288 ], [ -77.0364, 38.95277 ], [ -77.0364, 38.95256 ], [ -77.0364, 38.95212 ], [ -77.0364, 38.95187 ], [ -77.03646, 38.95182 ], [ -77.03646, 38.95107 ], [ -77.03641, 38.95103 ], [ -77.03642, 38.95081 ], [ -77.03642, 38.95055 ], [ -77.03642, 38.95046 ], [ -77.03646, 38.9504 ], [ -77.03646, 38.95016 ], [ -77.03647, 38.94993 ], [ -77.03647, 38.94987 ], [ -77.03647, 38.94975 ], [ -77.03648, 38.94868 ], [ -77.03648, 38.9485 ], [ -77.03648, 38.94827 ], [ -77.03637, 38.94827 ], [ -77.03636, 38.94975 ], [ -77.03637, 38.95025 ], [ -77.03637, 38.9504 ], [ -77.03642, 38.95046 ], [ -77.03642, 38.95055 ], [ -77.03642, 38.95081 ], [ -77.03641, 38.95103 ], [ -77.03636, 38.95107 ], [ -77.03636, 38.9518 ], [ -77.0364, 38.95187 ], [ -77.0364, 38.95212 ], [ -77.0364, 38.95256 ], [ -77.03605, 38.95292 ], [ -77.03593, 38.95306 ], [ -77.0352, 38.95394 ], [ -77.03506, 38.9541 ], [ -77.03419, 38.95514 ], [ -77.03399, 38.95503 ], [ -77.03419, 38.95514 ], [ -77.03378, 38.95564 ], [ -77.0337, 38.95568 ], [ -77.0336, 38.95571 ], [ -77.03342, 38.95572 ], [ -77.03342, 38.95589 ], [ -77.03342, 38.95604 ], [ -77.03342, 38.95621 ], [ -77.03291, 38.95622 ], [ -77.03285, 38.95622 ], [ -77.03026, 38.95622 ], [ -77.02969, 38.95622 ], [ -77.02913, 38.95622 ], [ -77.02826, 38.95622 ], [ -77.02803, 38.95622 ], [ -77.02744, 38.95623 ], [ -77.02722, 38.95588 ], [ -77.02756, 38.95575 ], [ -77.02722, 38.95588 ], [ -77.02678, 38.95518 ], [ -77.02613, 38.95413 ], [ -77.02565, 38.95415 ], [ -77.02446, 38.95418 ], [ -77.02393, 38.95419 ], [ -77.0235, 38.9542 ], [ -77.02346, 38.9542 ], [ -77.02271, 38.95422 ], [ -77.02221, 38.95424 ], [ -77.02169, 38.95425 ], [ -77.02031, 38.95429 ], [ -77.01977, 38.95431 ], [ -77.01972, 38.95314 ], [ -77.01919, 38.95315 ], [ -77.0183, 38.95318 ], [ -77.0182, 38.95318 ], [ -77.01764, 38.9532 ], [ -77.01751, 38.95321 ], [ -77.01679, 38.95322 ], [ -77.01674, 38.95323 ], [ -77.01643, 38.95323 ], [ -77.01594, 38.95324 ], [ -77.01592, 38.95295 ], [ -77.01594, 38.95324 ], [ -77.01545, 38.95326 ], [ -77.01427, 38.9533 ], [ -77.014, 38.95331 ], [ -77.01352, 38.95332 ], [ -77.01298, 38.95334 ], [ -77.01244, 38.95336 ], [ -77.0121, 38.95337 ], [ -77.01163, 38.95338 ], [ -77.01151, 38.95355 ], [ -77.01075, 38.95457 ], [ -77.01029, 38.95519 ], [ -77.00967, 38.95499 ], [ -77.0092, 38.95484 ], [ -77.00905, 38.95482 ], [ -77.00884, 38.95483 ], [ -77.00861, 38.95488 ], [ -77.00829, 38.95495 ], [ -77.00808, 38.95499 ], [ -77.00766, 38.95509 ], [ -77.00731, 38.95516 ], [ -77.00626, 38.9554 ], [ -77.00612, 38.95543 ], [ -77.00578, 38.9555 ], [ -77.0054, 38.95555 ], [ -77.00511, 38.95562 ], [ -77.00463, 38.95573 ], [ -77.00407, 38.95586 ], [ -77.00324, 38.95605 ], [ -77.00295, 38.95614 ], [ -77.00274, 38.95625 ], [ -77.00259, 38.9564 ], [ -77.00242, 38.95662 ], [ -77.00231, 38.95681 ], [ -77.00218, 38.95668 ], [ -77.00082, 38.95562 ], [ -77.00051, 38.95542 ], [ -77.00044, 38.95541 ], [ -77.00027, 38.95529 ], [ -76.99953, 38.95472 ], [ -76.99884, 38.95419 ], [ -76.99815, 38.95366 ], [ -76.99682, 38.95263 ], [ -76.99599, 38.952 ], [ -76.99547, 38.9516 ], [ -76.99492, 38.95117 ], [ -76.99436, 38.95074 ], [ -76.99328, 38.94991 ], [ -76.99312, 38.94979 ], [ -76.99298, 38.94968 ], [ -76.99294, 38.94965 ], [ -76.99286, 38.94958 ], [ -76.99277, 38.94951 ], [ -76.99263, 38.94941 ], [ -76.99248, 38.9493 ], [ -76.99243, 38.94926 ], [ -76.99228, 38.94914 ], [ -76.99172, 38.94872 ], [ -76.99113, 38.94826 ], [ -76.99054, 38.94826 ], [ -76.99045, 38.94822 ], [ -76.99029, 38.94822 ], [ -76.99045, 38.94822 ], [ -76.99054, 38.94826 ], [ -76.99113, 38.94826 ], [ -76.99172, 38.94872 ], [ -76.99228, 38.94914 ], [ -76.99243, 38.94926 ], [ -76.99248, 38.9493 ], [ -76.99263, 38.94941 ], [ -76.99277, 38.94951 ], [ -76.99286, 38.94958 ], [ -76.99294, 38.94965 ], [ -76.99298, 38.94968 ], [ -76.99312, 38.94979 ], [ -76.99328, 38.94991 ], [ -76.99436, 38.95074 ], [ -76.99492, 38.95117 ], [ -76.99547, 38.9516 ], [ -76.99599, 38.952 ], [ -76.99682, 38.95263 ], [ -76.99815, 38.95366 ], [ -76.99765, 38.95381 ], [ -76.99744, 38.95388 ], [ -76.99666, 38.9542 ], [ -76.99654, 38.95424 ], [ -76.99622, 38.95434 ], [ -76.99599, 38.9544 ], [ -76.99571, 38.95446 ], [ -76.99535, 38.9545 ], [ -76.99513, 38.95452 ], [ -76.99485, 38.95452 ], [ -76.99465, 38.95453 ], [ -76.99401, 38.95453 ], [ -76.99211, 38.95453 ], [ -76.99202, 38.95453 ], [ -76.99202, 38.955 ], [ -76.99202, 38.95547 ], [ -76.99226, 38.95546 ], [ -76.99227, 38.95558 ], [ -76.99248, 38.9558 ], [ -76.9928, 38.95591 ], [ -76.99385, 38.95592 ], [ -76.99386, 38.95637 ], [ -76.99419, 38.95637 ], [ -76.99419, 38.95727 ], [ -76.99441, 38.95727 ], [ -76.99419, 38.95727 ], [ -76.99467, 38.95765 ], [ -76.99485, 38.95779 ], [ -76.99476, 38.95783 ], [ -76.99459, 38.95809 ], [ -76.99439, 38.95841 ], [ -76.9945, 38.9585 ], [ -76.99425, 38.95872 ], [ -76.99422, 38.95877 ], [ -76.99405, 38.95912 ], [ -76.99419, 38.95924 ], [ -76.99436, 38.95936 ], [ -76.99463, 38.95958 ], [ -76.99504, 38.9599 ], [ -76.9951, 38.95994 ], [ -76.99669, 38.96119 ], [ -76.99684, 38.96131 ], [ -76.99693, 38.96138 ], [ -76.99723, 38.9616 ], [ -76.9976, 38.9619 ], [ -76.99774, 38.96201 ], [ -76.9978, 38.96206 ], [ -76.99825, 38.96241 ], [ -76.99828, 38.96243 ], [ -76.99855, 38.96264 ], [ -76.99883, 38.96286 ], [ -76.99913, 38.9631 ], [ -76.99967, 38.96352 ], [ -77.00001, 38.96378 ], [ -77.00047, 38.96415 ], [ -77.00075, 38.96437 ], [ -77.00113, 38.96466 ], [ -77.00148, 38.96494 ], [ -77.00188, 38.96525 ], [ -77.00208, 38.96541 ], [ -77.00223, 38.96553 ], [ -77.00248, 38.96571 ], [ -77.00274, 38.96592 ], [ -77.00278, 38.96594 ], [ -77.00338, 38.96641 ], [ -77.00355, 38.96655 ], [ -77.00445, 38.96726 ], [ -77.00456, 38.96734 ], [ -77.00524, 38.96787 ], [ -77.00608, 38.96853 ], [ -77.00619, 38.96845 ], [ -77.00664, 38.96783 ], [ -77.00704, 38.96814 ], [ -77.00721, 38.96828 ], [ -77.00758, 38.96857 ], [ -77.00777, 38.96871 ], [ -77.00814, 38.96899 ], [ -77.00835, 38.96908 ], [ -77.0086, 38.9691 ], [ -77.00905, 38.9691 ], [ -77.00904, 38.96998 ], [ -77.00846, 38.97039 ], [ -77.00934, 38.97108 ], [ -77.01003, 38.97171 ], [ -77.0102, 38.97187 ], [ -77.01044, 38.97206 ], [ -77.01093, 38.97244 ], [ -77.01149, 38.97286 ], [ -77.01219, 38.97341 ], [ -77.01241, 38.97358 ], [ -77.01246, 38.97361 ], [ -77.01282, 38.9739 ], [ -77.01317, 38.9735 ], [ -77.01334, 38.97331 ], [ -77.01422, 38.97233 ], [ -77.01491, 38.97234 ], [ -77.01546, 38.97234 ], [ -77.01569, 38.97234 ], [ -77.01623, 38.97234 ], [ -77.0163, 38.97234 ], [ -77.01803, 38.97236 ], [ -77.01989, 38.97235 ], [ -77.02142, 38.97235 ], [ -77.0222, 38.97235 ], [ -77.02306, 38.97235 ], [ -77.0236, 38.97234 ], [ -77.02371, 38.97234 ], [ -77.02434, 38.97147 ], [ -77.02461, 38.97109 ], [ -77.02487, 38.97073 ], [ -77.02547, 38.96993 ], [ -77.02583, 38.96922 ], [ -77.02604, 38.96922 ], [ -77.02626, 38.96922 ], [ -77.02647, 38.96922 ], [ -77.02655, 38.96922 ] ] } },
{ "type": "Feature", "properties": { "feature_type": "stop_store", "store": "Safeway (6500 PINEY BRANCH ROAD NW)", "trip": 1, "sequence": 0.0, "address": "6500 PINEY BRANCH ROAD NW", "distance_km": null, "duration_min": null }, "geometry": { "type": "Point", "coordinates": [ -77.026550610396427, 38.969528402684411 ] } },
{ "type": "Feature", "properties": { "feature_type": "stop_delivery", "store": "Safeway (6500 PINEY BRANCH ROAD NW)", "trip": 1, "sequence": 1.0, "address": "4808 16TH STREET NW", "distance_km": null, "duration_min": null }, "geometry": { "type": "Point", "coordinates": [ -77.03675748, 38.94868189 ] } },
{ "type": "Feature", "properties": { "feature_type": "stop_delivery", "store": "Safeway (6500 PINEY BRANCH ROAD NW)", "trip": 1, "sequence": 2.0, "address": "5331 COLORADO AVENUE NW", "distance_km": null, "duration_min": null }, "geometry": { "type": "Point", "coordinates": [ -77.03375177, 38.95503678 ] } },
{ "type": "Feature", "properties": { "feature_type": "stop_delivery", "store": "Safeway (6500 PINEY BRANCH ROAD NW)", "trip": 1, "sequence": 3.0, "address": "5417 GEORGIA AVENUE NW", "distance_km": null, "duration_min": null }, "geometry": { "type": "Point", "coordinates": [ -77.0277261, 38.95573329 ] } },
{ "type": "Feature", "properties": { "feature_type": "stop_delivery", "store": "Safeway (6500 PINEY BRANCH ROAD NW)", "trip": 1, "sequence": 4.0, "address": "736 INGRAHAM STREET NW", "distance_km": null, "duration_min": null }, "geometry": { "type": "Point", "coordinates": [ -77.02348792, 38.95401433 ] } },
{ "type": "Feature", "properties": { "feature_type": "stop_delivery", "store": "Safeway (6500 PINEY BRANCH ROAD NW)", "trip": 1, "sequence": 5.0, "address": "5123 3RD STREET NW", "distance_km": null, "duration_min": null }, "geometry": { "type": "Point", "coordinates": [ -77.01568457, 38.95295573 ] } },
{ "type": "Feature", "properties": { "feature_type": "stop_delivery", "store": "Safeway (6500 PINEY BRANCH ROAD NW)", "trip": 1, "sequence": 6.0, "address": "4839 12TH STREET NE", "distance_km": null, "duration_min": null }, "geometry": { "type": "Point", "coordinates": [ -76.99028691, 38.94831856 ] } },
{ "type": "Feature", "properties": { "feature_type": "stop_delivery", "store": "Safeway (6500 PINEY BRANCH ROAD NW)", "trip": 1, "sequence": 7.0, "address": "726 HAMILTON STREET NE", "distance_km": null, "duration_min": null }, "geometry": { "type": "Point", "coordinates": [ -76.9948509, 38.95471337 ] } },
{ "type": "Feature", "properties": { "feature_type": "stop_delivery", "store": "Safeway (6500 PINEY BRANCH ROAD NW)", "trip": 1, "sequence": 8.0, "address": "5428 8TH STREET NE", "distance_km": null, "duration_min": null }, "geometry": { "type": "Point", "coordinates": [ -76.99441427, 38.95711909 ] } },
{ "type": "Feature", "properties": { "feature_type": "stop_delivery", "store": "Safeway (6500 PINEY BRANCH ROAD NW)", "trip": 1, "sequence": 9.0, "address": "5826 EASTERN AVENUE NE", "distance_km": null, "duration_min": null }, "geometry": { "type": "Point", "coordinates": [ -76.99526532, 38.95981062 ] } },
{ "type": "Feature", "properties": { "feature_type": "stop_delivery", "store": "Safeway (6500 PINEY BRANCH ROAD NW)", "trip": 1, "sequence": 10.0, "address": "22 UNDERWOOD PLACE NE", "distance_km": null, "duration_min": null }, "geometry": { "type": "Point", "coordinates": [ -77.00760038, 38.9688425 ] } },
{ "type": "Feature", "properties": { "feature_type": "stop_store", "store": "Safeway (6500 PINEY BRANCH ROAD NW)", "trip": 1, "sequence": 11.0, "address": "6500 PINEY BRANCH ROAD NW", "distance_km": null, "duration_min": null }, "geometry": { "type": "Point", "coordinates": [ -77.026550610396427, 38.969528402684411 ] } },
{ "type": "Feature", "properties": { "feature_type": "route", "store": "Safeway (4203 DAVENPORT STREET NW)", "trip": 1, "sequence": null, "address": null, "distance_km": 21.75, "duration_min": 51.5 }, "geometry": { "type": "LineString", "coordinates": [ [ -77.08266, 38.95234 ], [ -77.08266, 38.95216 ], [ -77.08266, 38.95211 ], [ -77.08201, 38.95211 ], [ -77.08201, 38.95183 ], [ -77.08201, 38.95173 ], [ -77.08201, 38.95149 ], [ -77.08202, 38.9514 ], [ -77.08202, 38.95111 ], [ -77.08204, 38.95105 ], [ -77.08204, 38.95061 ], [ -77.08204, 38.94999 ], [ -77.08194, 38.94992 ], [ -77.08161, 38.94969 ], [ -77.08113, 38.94935 ], [ -77.08078, 38.9491 ], [ -77.08065, 38.94901 ], [ -77.08038, 38.94884 ], [ -77.08027, 38.94881 ], [ -77.08018, 38.94881 ], [ -77.08, 38.94847 ], [ -77.07967, 38.94791 ], [ -77.07946, 38.94753 ], [ -77.07921, 38.94708 ], [ -77.07889, 38.9465 ], [ -77.07906, 38.94636 ], [ -77.0791, 38.94629 ], [ -77.07912, 38.94615 ], [ -77.07912, 38.94602 ], [ -77.07914, 38.94588 ], [ -77.07917, 38.9458 ], [ -77.07958, 38.94532 ], [ -77.08004, 38.94478 ], [ -77.0804, 38.94437 ], [ -77.08077, 38.94393 ], [ -77.08142, 38.94316 ], [ -77.08204, 38.94316 ], [ -77.08379, 38.94316 ], [ -77.08621, 38.94317 ], [ -77.08777, 38.94317 ], [ -77.08777, 38.94231 ], [ -77.08779, 38.94223 ], [ -77.08785, 38.94215 ], [ -77.08795, 38.94207 ], [ -77.08862, 38.94151 ], [ -77.08799, 38.94099 ], [ -77.08862, 38.94151 ], [ -77.08964, 38.94065 ], [ -77.08904, 38.94021 ], [ -77.08872, 38.93997 ], [ -77.08741, 38.93902 ], [ -77.08657, 38.9384 ], [ -77.08641, 38.93821 ], [ -77.08639, 38.93812 ], [ -77.08638, 38.93793 ], [ -77.08635, 38.93778 ], [ -77.08626, 38.93767 ], [ -77.08634, 38.93742 ], [ -77.08648, 38.93726 ], [ -77.08697, 38.93668 ], [ -77.08708, 38.93655 ], [ -77.08714, 38.93649 ], [ -77.08771, 38.93578 ], [ -77.08797, 38.93547 ], [ -77.08812, 38.93533 ], [ -77.08864, 38.93493 ], [ -77.08915, 38.93454 ], [ -77.09008, 38.93385 ], [ -77.09055, 38.9335 ], [ -77.09058, 38.93348 ], [ -77.0908, 38.93333 ], [ -77.09107, 38.93321 ], [ -77.09107, 38.93303 ], [ -77.09106, 38.93276 ], [ -77.09106, 38.93261 ], [ -77.09106, 38.93242 ], [ -77.09106, 38.93194 ], [ -77.09106, 38.9317 ], [ -77.09106, 38.93135 ], [ -77.09105, 38.93028 ], [ -77.09099, 38.92993 ], [ -77.09093, 38.92969 ], [ -77.09092, 38.92964 ], [ -77.09088, 38.9295 ], [ -77.09081, 38.92924 ], [ -77.09076, 38.92904 ], [ -77.09071, 38.92887 ], [ -77.09055, 38.92833 ], [ -77.09025, 38.92753 ], [ -77.09021, 38.9273 ], [ -77.09011, 38.92655 ], [ -77.09004, 38.92596 ], [ -77.08994, 38.92511 ], [ -77.0899, 38.92478 ], [ -77.08984, 38.9243 ], [ -77.08983, 38.92419 ], [ -77.08981, 38.92404 ], [ -77.0898, 38.92392 ], [ -77.08978, 38.92378 ], [ -77.08977, 38.92374 ], [ -77.08977, 38.92368 ], [ -77.08975, 38.9236 ], [ -77.08973, 38.9234 ], [ -77.08972, 38.92328 ], [ -77.08956, 38.92258 ], [ -77.09074, 38.92246 ], [ -77.09088, 38.92241 ], [ -77.09097, 38.92238 ], [ -77.09106, 38.92237 ], [ -77.09122, 38.9224 ], [ -77.09137, 38.92248 ], [ -77.09146, 38.92262 ], [ -77.09147, 38.92276 ], [ -77.09143, 38.92288 ], [ -77.09134, 38.92297 ], [ -77.09116, 38.92305 ], [ -77.09104, 38.92306 ], [ -77.09079, 38.92304 ], [ -77.09104, 38.92306 ], [ -77.09116, 38.92305 ], [ -77.09134, 38.92297 ], [ -77.09143, 38.92288 ], [ -77.09147, 38.92276 ], [ -77.09146, 38.92262 ], [ -77.09137, 38.92248 ], [ -77.09122, 38.9224 ], [ -77.09106, 38.92237 ], [ -77.09097, 38.92238 ], [ -77.09088, 38.92241 ], [ -77.09074, 38.92246 ], [ -77.08956, 38.92258 ], [ -77.08972, 38.92328 ], [ -77.08973, 38.9234 ], [ -77.08975, 38.9236 ], [ -77.08977, 38.92368 ], [ -77.08977, 38.92374 ], [ -77.08978, 38.92378 ], [ -77.0898, 38.92392 ], [ -77.08981, 38.92404 ], [ -77.08983, 38.92419 ], [ -77.08984, 38.9243 ], [ -77.0899, 38.92478 ], [ -77.08994, 38.92511 ], [ -77.09004, 38.92596 ], [ -77.09011, 38.92655 ], [ -77.09021, 38.9273 ], [ -77.09025, 38.92753 ], [ -77.09055, 38.92833 ], [ -77.09071, 38.92887 ], [ -77.09076, 38.92904 ], [ -77.09081, 38.92924 ], [ -77.09088, 38.9295 ], [ -77.09092, 38.92964 ], [ -77.09093, 38.92969 ], [ -77.09099, 38.92993 ], [ -77.09105, 38.93028 ], [ -77.08924, 38.93028 ], [ -77.08864, 38.93028 ], [ -77.08743, 38.93028 ], [ -77.08675, 38.93028 ], [ -77.08621, 38.93028 ], [ -77.084, 38.93028 ], [ -77.08323, 38.93029 ], [ -77.08298, 38.93029 ], [ -77.08285, 38.93029 ], [ -77.08211, 38.93029 ], [ -77.08087, 38.93028 ], [ -77.08062, 38.93025 ], [ -77.08025, 38.93016 ], [ -77.07999, 38.93006 ], [ -77.07965, 38.9299 ], [ -77.07954, 38.92984 ], [ -77.07939, 38.92976 ], [ -77.07931, 38.92972 ], [ -77.07929, 38.92971 ], [ -77.07912, 38.92962 ], [ -77.07868, 38.92939 ], [ -77.07842, 38.92926 ], [ -77.07808, 38.92914 ], [ -77.07777, 38.92907 ], [ -77.07747, 38.92903 ], [ -77.07705, 38.92902 ], [ -77.07584, 38.92902 ], [ -77.07486, 38.92902 ], [ -77.07463, 38.92902 ], [ -77.07454, 38.92902 ], [ -77.07404, 38.92903 ], [ -77.07373, 38.92903 ], [ -77.07361, 38.92894 ], [ -77.07334, 38.92874 ], [ -77.07316, 38.92861 ], [ -77.07319, 38.92831 ], [ -77.07319, 38.92753 ], [ -77.07258, 38.92753 ], [ -77.07201, 38.92753 ], [ -77.07168, 38.92753 ], [ -77.07088, 38.92753 ], [ -77.07015, 38.92753 ], [ -77.06996, 38.92753 ], [ -77.06972, 38.92753 ], [ -77.06866, 38.92752 ], [ -77.0675, 38.92753 ], [ -77.06639, 38.92753 ], [ -77.06639, 38.92795 ], [ -77.0664, 38.9287 ], [ -77.06639, 38.92902 ], [ -77.0664, 38.92998 ], [ -77.0664, 38.93027 ], [ -77.06589, 38.93027 ], [ -77.06589, 38.93019 ], [ -77.06518, 38.92965 ], [ -77.06378, 38.92965 ], [ -77.06378, 38.92985 ], [ -77.06378, 38.93027 ], [ -77.06326, 38.93027 ], [ -77.06286, 38.93027 ], [ -77.06274, 38.9303 ], [ -77.06234, 38.93014 ], [ -77.06274, 38.9303 ], [ -77.06325, 38.93051 ], [ -77.06456, 38.93103 ], [ -77.06477, 38.93109 ], [ -77.06527, 38.93121 ], [ -77.06603, 38.9314 ], [ -77.06639, 38.93147 ], [ -77.06639, 38.93175 ], [ -77.06639, 38.93224 ], [ -77.06638, 38.93254 ], [ -77.06639, 38.93278 ], [ -77.06639, 38.93295 ], [ -77.06639, 38.93327 ], [ -77.06639, 38.93349 ], [ -77.06639, 38.9338 ], [ -77.06639, 38.93438 ], [ -77.06639, 38.93465 ], [ -77.06639, 38.93492 ], [ -77.06639, 38.93514 ], [ -77.06639, 38.93606 ], [ -77.06639, 38.93629 ], [ -77.06639, 38.93673 ], [ -77.06639, 38.93682 ], [ -77.06639, 38.93703 ], [ -77.06639, 38.93733 ], [ -77.06607, 38.93733 ], [ -77.06586, 38.93732 ], [ -77.06547, 38.93726 ], [ -77.06515, 38.93718 ], [ -77.06516, 38.93701 ], [ -77.06515, 38.93718 ], [ -77.0648, 38.9371 ], [ -77.0645, 38.9371 ], [ -77.06429, 38.93714 ], [ -77.06377, 38.9373 ], [ -77.06337, 38.93736 ], [ -77.06293, 38.93738 ], [ -77.06194, 38.93732 ], [ -77.06146, 38.93725 ], [ -77.06107, 38.93716 ], [ -77.06053, 38.93697 ], [ -77.06017, 38.93688 ], [ -77.05981, 38.93683 ], [ -77.0594, 38.93682 ], [ -77.05925, 38.93682 ], [ -77.0595, 38.93726 ], [ -77.05979, 38.93776 ], [ -77.06002, 38.93816 ], [ -77.06006, 38.93823 ], [ -77.06009, 38.93827 ], [ -77.06036, 38.93875 ], [ -77.06057, 38.93909 ], [ -77.06064, 38.93922 ], [ -77.06074, 38.9394 ], [ -77.06076, 38.93943 ], [ -77.06081, 38.93952 ], [ -77.06116, 38.94012 ], [ -77.06119, 38.94017 ], [ -77.06139, 38.9405 ], [ -77.06162, 38.94092 ], [ -77.06167, 38.94101 ], [ -77.06226, 38.94202 ], [ -77.06292, 38.94315 ], [ -77.06318, 38.94359 ], [ -77.06356, 38.94426 ], [ -77.06378, 38.94462 ], [ -77.06428, 38.94548 ], [ -77.06455, 38.94595 ], [ -77.06464, 38.94611 ], [ -77.06469, 38.94619 ], [ -77.06478, 38.94635 ], [ -77.065, 38.94674 ], [ -77.06522, 38.9471 ], [ -77.06568, 38.94789 ], [ -77.06583, 38.94816 ], [ -77.06589, 38.94826 ], [ -77.06593, 38.94832 ], [ -77.06607, 38.94857 ], [ -77.06615, 38.94871 ], [ -77.06621, 38.9488 ], [ -77.06633, 38.94901 ], [ -77.06647, 38.94925 ], [ -77.06672, 38.94968 ], [ -77.06701, 38.95018 ], [ -77.06719, 38.9505 ], [ -77.06733, 38.95073 ], [ -77.06739, 38.95084 ], [ -77.06752, 38.95106 ], [ -77.06755, 38.95111 ], [ -77.06763, 38.95124 ], [ -77.06773, 38.95142 ], [ -77.0678, 38.95155 ], [ -77.06789, 38.95169 ], [ -77.06795, 38.95179 ], [ -77.06805, 38.95198 ], [ -77.06812, 38.9521 ], [ -77.06825, 38.95232 ], [ -77.06833, 38.95246 ], [ -77.06846, 38.95268 ], [ -77.06851, 38.95275 ], [ -77.06862, 38.95295 ], [ -77.06883, 38.9533 ], [ -77.06905, 38.95368 ], [ -77.06915, 38.95385 ], [ -77.06923, 38.95399 ], [ -77.06943, 38.95433 ], [ -77.0695, 38.95445 ], [ -77.06957, 38.95458 ], [ -77.06964, 38.95469 ], [ -77.06972, 38.95482 ], [ -77.06979, 38.95496 ], [ -77.06983, 38.95502 ], [ -77.06987, 38.9551 ], [ -77.07007, 38.95544 ], [ -77.07016, 38.9556 ], [ -77.0702, 38.95567 ], [ -77.07029, 38.95582 ], [ -77.07041, 38.95603 ], [ -77.07083, 38.95675 ], [ -77.07098, 38.957 ], [ -77.07111, 38.95722 ], [ -77.07128, 38.95702 ], [ -77.07179, 38.95702 ], [ -77.07128, 38.95702 ], [ -77.0712, 38.95701 ], [ -77.07098, 38.957 ], [ -77.07083, 38.95675 ], [ -77.07041, 38.95603 ], [ -77.07004, 38.95647 ], [ -77.06988, 38.95666 ], [ -77.06884, 38.95788 ], [ -77.06881, 38.95792 ], [ -77.06843, 38.95836 ], [ -77.06786, 38.95903 ], [ -77.06756, 38.95939 ], [ -77.06721, 38.9598 ], [ -77.06718, 38.95984 ], [ -77.06674, 38.96035 ], [ -77.06661, 38.9605 ], [ -77.06626, 38.96092 ], [ -77.06617, 38.96103 ], [ -77.06606, 38.96113 ], [ -77.06438, 38.9631 ], [ -77.06388, 38.96367 ], [ -77.0636, 38.96399 ], [ -77.06297, 38.96473 ], [ -77.06283, 38.9649 ], [ -77.06222, 38.96561 ], [ -77.06205, 38.96581 ], [ -77.06128, 38.96672 ], [ -77.06113, 38.96689 ], [ -77.061, 38.967 ], [ -77.06087, 38.96706 ], [ -77.06104, 38.96735 ], [ -77.06117, 38.96761 ], [ -77.06117, 38.96762 ], [ -77.06134, 38.96831 ], [ -77.06146, 38.96881 ], [ -77.06153, 38.96906 ], [ -77.06162, 38.96924 ], [ -77.06199, 38.96977 ], [ -77.06236, 38.97028 ], [ -77.06266, 38.97071 ], [ -77.06304, 38.97124 ], [ -77.06322, 38.97149 ], [ -77.06312, 38.97155 ], [ -77.06279, 38.97181 ], [ -77.06149, 38.97284 ], [ -77.06087, 38.97331 ], [ -77.06058, 38.97355 ], [ -77.06029, 38.97377 ], [ -77.06058, 38.97355 ], [ -77.06087, 38.97331 ], [ -77.06149, 38.97284 ], [ -77.06279, 38.97181 ], [ -77.06312, 38.97155 ], [ -77.06322, 38.97149 ], [ -77.06304, 38.97124 ], [ -77.06266, 38.97071 ], [ -77.06236, 38.97028 ], [ -77.06199, 38.96977 ], [ -77.06162, 38.96924 ], [ -77.06153, 38.96906 ], [ -77.06146, 38.96881 ], [ -77.06134, 38.96831 ], [ -77.06117, 38.96762 ], [ -77.06117, 38.96761 ], [ -77.06104, 38.96735 ], [ -77.06087, 38.96706 ], [ -77.0607, 38.96689 ], [ -77.06051, 38.96674 ], [ -77.06043, 38.96669 ], [ -77.06007, 38.96647 ], [ -77.05913, 38.96588 ], [ -77.05874, 38.96562 ], [ -77.05828, 38.96529 ], [ -77.05775, 38.96491 ], [ -77.05751, 38.96474 ], [ -77.05718, 38.9645 ], [ -77.0571, 38.96444 ], [ -77.05652, 38.96403 ], [ -77.05631, 38.96387 ], [ -77.05622, 38.96375 ], [ -77.05619, 38.96363 ], [ -77.05619, 38.96311 ], [ -77.0562, 38.96173 ], [ -77.0562, 38.96101 ], [ -77.05621, 38.9606 ], [ -77.05621, 38.96041 ], [ -77.0562, 38.96 ], [ -77.05618, 38.95992 ], [ -77.0562, 38.96 ], [ -77.05621, 38.96041 ], [ -77.05621, 38.9606 ], [ -77.0562, 38.96101 ], [ -77.05651, 38.96101 ], [ -77.05684, 38.96101 ], [ -77.05699, 38.96101 ], [ -77.05747, 38.96101 ], [ -77.05875, 38.96102 ], [ -77.05946, 38.96102 ], [ -77.05975, 38.96102 ], [ -77.06096, 38.96102 ], [ -77.06155, 38.96102 ], [ -77.06213, 38.96102 ], [ -77.0627, 38.96102 ], [ -77.06284, 38.96102 ], [ -77.06389, 38.96102 ], [ -77.06455, 38.96102 ], [ -77.06526, 38.96102 ], [ -77.06559, 38.96102 ], [ -77.06561, 38.96102 ], [ -77.06617, 38.96103 ], [ -77.06703, 38.96102 ], [ -77.0683, 38.96102 ], [ -77.06881, 38.96102 ], [ -77.06918, 38.96102 ], [ -77.06963, 38.96102 ], [ -77.06998, 38.96102 ], [ -77.07083, 38.96101 ], [ -77.07201, 38.96102 ], [ -77.07286, 38.96102 ], [ -77.07301, 38.96102 ], [ -77.07331, 38.96102 ], [ -77.07424, 38.96102 ], [ -77.07459, 38.96102 ], [ -77.07572, 38.96102 ], [ -77.07652, 38.96102 ], [ -77.07668, 38.96102 ], [ -77.07714, 38.96102 ], [ -77.07778, 38.96103 ], [ -77.07777, 38.96157 ], [ -77.07777, 38.96208 ], [ -77.07777, 38.96258 ], [ -77.07778, 38.96309 ], [ -77.07863, 38.96309 ], [ -77.07967, 38.96309 ], [ -77.0803, 38.9631 ], [ -77.0803, 38.96285 ], [ -77.08031, 38.9624 ], [ -77.08031, 38.96208 ], [ -77.08031, 38.96202 ], [ -77.0803, 38.96175 ], [ -77.08026, 38.96153 ], [ -77.08031, 38.96141 ], [ -77.08032, 38.96112 ], [ -77.0803, 38.96103 ], [ -77.08031, 38.96054 ], [ -77.0803, 38.95959 ], [ -77.0803, 38.95902 ], [ -77.0803, 38.95852 ], [ -77.0803, 38.95836 ], [ -77.0803, 38.95803 ], [ -77.0803, 38.9577 ], [ -77.0803, 38.95754 ], [ -77.0803, 38.95702 ], [ -77.0803, 38.95596 ], [ -77.0803, 38.95554 ], [ -77.0803, 38.95517 ], [ -77.08031, 38.95471 ], [ -77.08203, 38.95471 ], [ -77.08228, 38.95471 ], [ -77.08263, 38.9547 ], [ -77.08218, 38.95382 ], [ -77.08211, 38.95367 ], [ -77.08202, 38.9535 ], [ -77.08193, 38.95332 ], [ -77.08173, 38.95293 ], [ -77.0819, 38.95285 ], [ -77.08197, 38.95279 ], [ -77.08199, 38.95274 ], [ -77.08202, 38.95263 ], [ -77.08201, 38.95211 ], [ -77.08266, 38.95211 ], [ -77.08266, 38.95216 ], [ -77.08266, 38.95234 ] ] } },
{ "type": "Feature", "properties": { "feature_type": "stop_store", "store": "Safeway (4203 DAVENPORT STREET NW)", "trip": 1, "sequence": 0.0, "address": "4203 DAVENPORT STREET NW", "distance_km": null, "duration_min": null }, "geometry": { "type": "Point", "coordinates": [ -77.082464497539618, 38.952340161558688 ] } },
{ "type": "Feature", "properties": { "feature_type": "stop_delivery", "store": "Safeway (4203 DAVENPORT STREET NW)", "trip": 1, "sequence": 1.0, "address": "4460 SEDGWICK STREET NW", "distance_km": null, "duration_min": null }, "geometry": { "type": "Point", "coordinates": [ -77.08817121, 38.9408545 ] } },
{ "type": "Feature", "properties": { "feature_type": "stop_delivery", "store": "Safeway (4203 DAVENPORT STREET NW)", "trip": 1, "sequence": 2.0, "address": "4509 FOXHALL CRESCENT NW", "distance_km": null, "duration_min": null }, "geometry": { "type": "Point", "coordinates": [ -77.09057122, 38.92303182 ] } },
{ "type": "Feature", "properties": { "feature_type": "stop_delivery", "store": "Safeway (4203 DAVENPORT STREET NW)", "trip": 1, "sequence": 3.0, "address": "3010 32ND STREET NW", "distance_km": null, "duration_min": null }, "geometry": { "type": "Point", "coordinates": [ -77.06352284, 38.92985013 ] } },
{ "type": "Feature", "properties": { "feature_type": "stop_delivery", "store": "Safeway (4203 DAVENPORT STREET NW)", "trip": 1, "sequence": 4.0, "address": "3124 WOODLEY ROAD NW", "distance_km": null, "duration_min": null }, "geometry": { "type": "Point", "coordinates": [ -77.06246592, 38.92994607 ] } },
{ "type": "Feature", "properties": { "feature_type": "stop_delivery", "store": "Safeway (4203 DAVENPORT STREET NW)", "trip": 1, "sequence": 5.0, "address": "3214 PORTER STREET NW", "distance_km": null, "duration_min": null }, "geometry": { "type": "Point", "coordinates": [ -77.06542313, 38.93701885 ] } },
{ "type": "Feature", "properties": { "feature_type": "stop_delivery", "store": "Safeway (4203 DAVENPORT STREET NW)", "trip": 1, "sequence": 6.0, "address": "3713 HARRISON STREET NW", "distance_km": null, "duration_min": null }, "geometry": { "type": "Point", "coordinates": [ -77.07179407, 38.95720474 ] } },
{ "type": "Feature", "properties": { "feature_type": "stop_delivery", "store": "Safeway (4203 DAVENPORT STREET NW)", "trip": 1, "sequence": 7.0, "address": "6332 31ST PLACE NW", "distance_km": null, "duration_min": null }, "geometry": { "type": "Point", "coordinates": [ -77.06049476, 38.97393585 ] } },
{ "type": "Feature", "properties": { "feature_type": "stop_delivery", "store": "Safeway (4203 DAVENPORT STREET NW)", "trip": 1, "sequence": 8.0, "address": "5362 27TH STREET NW", "distance_km": null, "duration_min": null }, "geometry": { "type": "Point", "coordinates": [ -77.05657944, 38.95986867 ] } },
{ "type": "Feature", "properties": { "feature_type": "stop_delivery", "store": "Safeway (4203 DAVENPORT STREET NW)", "trip": 1, "sequence": 9.0, "address": "3921 LIVINGSTON STREET NW", "distance_km": null, "duration_min": null }, "geometry": { "type": "Point", "coordinates": [ -77.07862739, 38.96330552 ] } },
{ "type": "Feature", "properties": { "feature_type": "stop_delivery", "store": "Safeway (4203 DAVENPORT STREET NW)", "trip": 1, "sequence": 10.0, "address": "5303 41ST STREET NW", "distance_km": null, "duration_min": null }, "geometry": { "type": "Point", "coordinates": [ -77.07999099, 38.95959303 ] } },
{ "type": "Feature", "properties": { "feature_type": "stop_store", "store": "Safeway (4203 DAVENPORT STREET NW)", "trip": 1, "sequence": 11.0, "address": "4203 DAVENPORT STREET NW", "distance_km": null, "duration_min": null }, "geometry": { "type": "Point", "coordinates": [ -77.082464497539618, 38.952340161558688 ] } },
{ "type": "Feature", "properties": { "feature_type": "route", "store": "Safeway (3830 GEORGIA AVENUE NW)", "trip": 1, "sequence": null, "address": null, "distance_km": 15.1, "duration_min": 35.5 }, "geometry": { "type": "LineString", "coordinates": [ [ -77.02465, 38.93848 ], [ -77.02469, 38.93868 ], [ -77.02477, 38.93898 ], [ -77.02488, 38.93941 ], [ -77.02496, 38.93974 ], [ -77.02508, 38.94018 ], [ -77.02511, 38.94031 ], [ -77.02524, 38.94081 ], [ -77.02541, 38.94149 ], [ -77.02547, 38.94172 ], [ -77.02551, 38.94187 ], [ -77.02506, 38.94188 ], [ -77.02454, 38.9419 ], [ -77.02334, 38.94193 ], [ -77.02282, 38.94194 ], [ -77.02217, 38.94197 ], [ -77.02162, 38.94198 ], [ -77.02164, 38.94244 ], [ -77.02167, 38.94305 ], [ -77.02169, 38.94343 ], [ -77.02171, 38.94375 ], [ -77.02172, 38.94412 ], [ -77.02176, 38.94474 ], [ -77.02178, 38.94519 ], [ -77.02179, 38.94557 ], [ -77.02183, 38.94626 ], [ -77.0227, 38.94623 ], [ -77.02305, 38.94622 ], [ -77.02309, 38.94729 ], [ -77.02313, 38.94798 ], [ -77.02315, 38.94837 ], [ -77.02355, 38.94901 ], [ -77.02368, 38.94901 ], [ -77.02369, 38.94909 ], [ -77.0237, 38.94945 ], [ -77.02372, 38.94983 ], [ -77.02345, 38.94984 ], [ -77.02254, 38.94838 ], [ -77.02193, 38.9484 ], [ -77.02139, 38.94842 ], [ -77.02106, 38.94843 ], [ -77.02074, 38.94844 ], [ -77.01997, 38.94845 ], [ -77.0195, 38.94846 ], [ -77.01859, 38.94849 ], [ -77.01808, 38.94851 ], [ -77.01743, 38.94853 ], [ -77.01694, 38.94854 ], [ -77.01692, 38.94786 ], [ -77.01691, 38.94748 ], [ -77.01685, 38.94748 ], [ -77.01651, 38.94749 ], [ -77.01622, 38.9475 ], [ -77.01604, 38.94746 ], [ -77.01594, 38.9476 ], [ -77.01568, 38.94795 ], [ -77.0152, 38.94859 ], [ -77.01508, 38.94875 ], [ -77.01441, 38.94964 ], [ -77.01408, 38.9501 ], [ -77.0139, 38.95034 ], [ -77.01341, 38.951 ], [ -77.01325, 38.95121 ], [ -77.01283, 38.95177 ], [ -77.01243, 38.95231 ], [ -77.01163, 38.95338 ], [ -77.01103, 38.9534 ], [ -77.01104, 38.9533 ], [ -77.01131, 38.95292 ], [ -77.01134, 38.95288 ], [ -77.01127, 38.95286 ], [ -77.01095, 38.95287 ], [ -77.00962, 38.95291 ], [ -77.00965, 38.95343 ], [ -77.00935, 38.95344 ], [ -77.00905, 38.95345 ], [ -77.00846, 38.95347 ], [ -77.00793, 38.95348 ], [ -77.00776, 38.95347 ], [ -77.00782, 38.9533 ], [ -77.00783, 38.95308 ], [ -77.00783, 38.95237 ], [ -77.00783, 38.95178 ], [ -77.00778, 38.95152 ], [ -77.0077, 38.95132 ], [ -77.00689, 38.95021 ], [ -77.00666, 38.9499 ], [ -77.00652, 38.94968 ], [ -77.00642, 38.94945 ], [ -77.00628, 38.9486 ], [ -77.00623, 38.94828 ], [ -77.00611, 38.94749 ], [ -77.006, 38.94688 ], [ -77.00593, 38.94669 ], [ -77.00584, 38.94652 ], [ -77.00634, 38.94632 ], [ -77.0066, 38.94621 ], [ -77.00677, 38.94614 ], [ -77.00695, 38.94598 ], [ -77.00613, 38.94543 ], [ -77.00572, 38.94518 ], [ -77.00552, 38.94508 ], [ -77.00544, 38.94504 ], [ -77.00525, 38.94497 ], [ -77.00421, 38.94466 ], [ -77.00367, 38.94447 ], [ -77.00328, 38.9443 ], [ -77.00297, 38.94415 ], [ -77.00271, 38.944 ], [ -77.0024, 38.94379 ], [ -77.00215, 38.9436 ], [ -77.0019, 38.94338 ], [ -77.00164, 38.94314 ], [ -77.00143, 38.9429 ], [ -77.00058, 38.94188 ], [ -77.00002, 38.94121 ], [ -76.99993, 38.9411 ], [ -76.99977, 38.9409 ], [ -76.99967, 38.94074 ], [ -76.999, 38.94073 ], [ -76.99887, 38.94073 ], [ -76.99824, 38.94073 ], [ -76.99652, 38.94074 ], [ -76.99573, 38.94073 ], [ -76.99528, 38.94073 ], [ -76.9949, 38.94073 ], [ -76.99444, 38.94073 ], [ -76.99361, 38.94073 ], [ -76.99313, 38.94073 ], [ -76.99313, 38.94117 ], [ -76.99313, 38.9418 ], [ -76.99313, 38.94222 ], [ -76.99376, 38.94225 ], [ -76.99397, 38.94262 ], [ -76.99424, 38.94259 ], [ -76.99457, 38.94258 ], [ -76.99475, 38.9429 ], [ -76.99457, 38.94258 ], [ -76.99424, 38.94259 ], [ -76.99397, 38.94262 ], [ -76.99376, 38.94225 ], [ -76.99313, 38.94222 ], [ -76.99313, 38.9418 ], [ -76.99313, 38.94117 ], [ -76.99313, 38.94073 ], [ -76.99264, 38.94073 ], [ -76.99215, 38.94073 ], [ -76.99073, 38.94072 ], [ -76.99023, 38.94072 ], [ -76.98973, 38.94072 ], [ -76.98926, 38.94072 ], [ -76.98879, 38.94072 ], [ -76.98831, 38.94072 ], [ -76.988, 38.94072 ], [ -76.98768, 38.94072 ], [ -76.98714, 38.94072 ], [ -76.98714, 38.94111 ], [ -76.98662, 38.9411 ], [ -76.98714, 38.94111 ], [ -76.98714, 38.9413 ], [ -76.9872, 38.94141 ], [ -76.9875, 38.94115 ], [ -76.988, 38.94072 ], [ -76.9883, 38.94047 ], [ -76.98883, 38.94002 ], [ -76.98923, 38.93965 ], [ -76.99005, 38.93892 ], [ -76.99023, 38.93876 ], [ -76.99025, 38.93831 ], [ -76.99039, 38.93788 ], [ -76.99048, 38.93764 ], [ -76.99061, 38.93725 ], [ -76.99068, 38.93705 ], [ -76.99078, 38.93675 ], [ -76.99079, 38.93673 ], [ -76.99088, 38.93647 ], [ -76.99098, 38.93617 ], [ -76.99119, 38.93556 ], [ -76.99122, 38.9353 ], [ -76.9912, 38.93499 ], [ -76.99119, 38.93496 ], [ -76.99117, 38.93468 ], [ -76.99116, 38.93451 ], [ -76.99108, 38.93353 ], [ -76.99104, 38.93305 ], [ -76.991, 38.93254 ], [ -76.99096, 38.93201 ], [ -76.99092, 38.93155 ], [ -76.99084, 38.93057 ], [ -76.99076, 38.92958 ], [ -76.99068, 38.92859 ], [ -76.99065, 38.92822 ], [ -76.99063, 38.92786 ], [ -76.9906, 38.9276 ], [ -76.99052, 38.92653 ], [ -76.99047, 38.92595 ], [ -76.99046, 38.92577 ], [ -76.99044, 38.92553 ], [ -76.99066, 38.92557 ], [ -76.99098, 38.92558 ], [ -76.99243, 38.92558 ], [ -76.99294, 38.92558 ], [ -76.99315, 38.92558 ], [ -76.99328, 38.92558 ], [ -76.9939, 38.92558 ], [ -76.99541, 38.92558 ], [ -76.99548, 38.92558 ], [ -76.99617, 38.92558 ], [ -76.99784, 38.92558 ], [ -76.99844, 38.92558 ], [ -76.99844, 38.92616 ], [ -76.99844, 38.9265 ], [ -76.99845, 38.92683 ], [ -76.99845, 38.9269 ], [ -76.99845, 38.92695 ], [ -76.99869, 38.92694 ], [ -76.99845, 38.92695 ], [ -76.99845, 38.9269 ], [ -76.99845, 38.92683 ], [ -76.99897, 38.92658 ], [ -76.99923, 38.92645 ], [ -76.99951, 38.92632 ], [ -76.99951, 38.92559 ], [ -77.0, 38.92559 ], [ -77.00057, 38.92559 ], [ -77.00112, 38.92559 ], [ -77.00244, 38.92559 ], [ -77.00321, 38.9256 ], [ -77.0034, 38.92562 ], [ -77.00377, 38.92567 ], [ -77.00421, 38.92578 ], [ -77.00458, 38.9259 ], [ -77.0047, 38.92594 ], [ -77.0055, 38.92621 ], [ -77.00572, 38.9263 ], [ -77.00589, 38.92642 ], [ -77.00606, 38.9266 ], [ -77.00622, 38.92704 ], [ -77.00645, 38.92699 ], [ -77.00683, 38.92694 ], [ -77.00765, 38.92683 ], [ -77.00804, 38.92678 ], [ -77.00846, 38.92673 ], [ -77.00853, 38.92672 ], [ -77.00897, 38.92667 ], [ -77.00911, 38.92666 ], [ -77.00987, 38.92656 ], [ -77.01163, 38.92633 ], [ -77.01214, 38.92629 ], [ -77.01286, 38.92627 ], [ -77.01338, 38.92627 ], [ -77.01389, 38.92627 ], [ -77.01426, 38.92631 ], [ -77.01461, 38.92639 ], [ -77.01496, 38.92652 ], [ -77.01516, 38.92662 ], [ -77.01558, 38.92686 ], [ -77.01628, 38.92726 ], [ -77.01668, 38.9275 ], [ -77.01701, 38.92777 ], [ -77.01739, 38.92814 ], [ -77.01761, 38.92829 ], [ -77.01785, 38.92841 ], [ -77.0181, 38.92849 ], [ -77.0184, 38.92855 ], [ -77.01872, 38.92856 ], [ -77.01937, 38.92857 ], [ -77.01944, 38.92879 ], [ -77.01947, 38.92889 ], [ -77.01953, 38.9289 ], [ -77.01966, 38.92889 ], [ -77.01953, 38.9289 ], [ -77.01947, 38.92889 ], [ -77.01953, 38.92914 ], [ -77.0196, 38.92937 ], [ -77.01968, 38.92967 ], [ -77.01976, 38.92999 ], [ -77.01983, 38.93032 ], [ -77.02018, 38.93026 ], [ -77.02114, 38.93011 ], [ -77.02165, 38.93003 ], [ -77.02263, 38.92993 ], [ -77.02289, 38.92994 ], [ -77.02337, 38.93003 ], [ -77.0236, 38.93006 ], [ -77.02407, 38.93002 ], [ -77.02579, 38.92987 ], [ -77.02634, 38.92982 ], [ -77.02645, 38.93054 ], [ -77.02648, 38.93079 ], [ -77.02661, 38.93178 ], [ -77.02665, 38.93205 ], [ -77.0267, 38.93232 ], [ -77.02671, 38.93243 ], [ -77.02677, 38.93275 ], [ -77.02689, 38.93275 ], [ -77.02699, 38.93276 ], [ -77.02749, 38.93285 ], [ -77.02766, 38.93289 ], [ -77.02722, 38.93407 ], [ -77.0272, 38.93457 ], [ -77.02815, 38.93457 ], [ -77.0285, 38.93457 ], [ -77.02881, 38.93457 ], [ -77.02911, 38.93457 ], [ -77.02973, 38.93457 ], [ -77.02972, 38.93629 ], [ -77.0285, 38.93596 ], [ -77.02804, 38.93584 ], [ -77.0272, 38.93562 ], [ -77.02675, 38.9355 ], [ -77.02596, 38.93529 ], [ -77.02589, 38.93526 ], [ -77.0258, 38.93521 ], [ -77.02542, 38.93511 ], [ -77.02526, 38.93512 ], [ -77.02511, 38.93515 ], [ -77.02463, 38.93579 ], [ -77.02428, 38.93631 ], [ -77.0243, 38.93641 ], [ -77.02435, 38.93673 ], [ -77.02442, 38.93715 ], [ -77.0245, 38.93761 ], [ -77.02457, 38.93803 ], [ -77.02465, 38.93848 ] ] } },
{ "type": "Feature", "properties": { "feature_type": "stop_store", "store": "Safeway (3830 GEORGIA AVENUE NW)", "trip": 1, "sequence": 0.0, "address": "3830 GEORGIA AVENUE NW", "distance_km": null, "duration_min": null }, "geometry": { "type": "Point", "coordinates": [ -77.024858831662655, 38.938456370779363 ] } },
{ "type": "Feature", "properties": { "feature_type": "stop_delivery", "store": "Safeway (3830 GEORGIA AVENUE NW)", "trip": 1, "sequence": 1.0, "address": "4213 7TH STREET NW", "distance_km": null, "duration_min": null }, "geometry": { "type": "Point", "coordinates": [ -77.02139568, 38.94244639 ] } },
{ "type": "Feature", "properties": { "feature_type": "stop_delivery", "store": "Safeway (3830 GEORGIA AVENUE NW)", "trip": 1, "sequence": 2.0, "address": "4834 ILLINOIS AVENUE NW", "distance_km": null, "duration_min": null }, "geometry": { "type": "Point", "coordinates": [ -77.02348988, 38.94945308 ] } },
{ "type": "Feature", "properties": { "feature_type": "stop_delivery", "store": "Safeway (3830 GEORGIA AVENUE NW)", "trip": 1, "sequence": 3.0, "address": "4711 4TH STREET NW", "distance_km": null, "duration_min": null }, "geometry": { "type": "Point", "coordinates": [ -77.01715728, 38.94785729 ] } },
{ "type": "Feature", "properties": { "feature_type": "stop_delivery", "store": "Safeway (3830 GEORGIA AVENUE NW)", "trip": 1, "sequence": 4.0, "address": "5125 NEW HAMPSHIRE AVENUE NW", "distance_km": null, "duration_min": null }, "geometry": { "type": "Point", "coordinates": [ -77.01155223, 38.95303062 ] } },
{ "type": "Feature", "properties": { "feature_type": "stop_delivery", "store": "Safeway (3830 GEORGIA AVENUE NW)", "trip": 1, "sequence": 5.0, "address": "60 HAWAII AVENUE NE", "distance_km": null, "duration_min": null }, "geometry": { "type": "Point", "coordinates": [ -77.0053294, 38.94521002 ] } },
{ "type": "Feature", "properties": { "feature_type": "stop_delivery", "store": "Safeway (3830 GEORGIA AVENUE NW)", "trip": 1, "sequence": 6.0, "address": "4401 8TH STREET NE", "distance_km": null, "duration_min": null }, "geometry": { "type": "Point", "coordinates": [ -76.994532, 38.9429707 ] } },
{ "type": "Feature", "properties": { "feature_type": "stop_delivery", "store": "Safeway (3830 GEORGIA AVENUE NW)", "trip": 1, "sequence": 7.0, "address": "1332 TAYLOR STREET NE", "distance_km": null, "duration_min": null }, "geometry": { "type": "Point", "coordinates": [ -76.98662377, 38.94094611 ] } },
{ "type": "Feature", "properties": { "feature_type": "stop_delivery", "store": "Safeway (3830 GEORGIA AVENUE NW)", "trip": 1, "sequence": 8.0, "address": "2871 CHANCELLOR'S WAY NE", "distance_km": null, "duration_min": null }, "geometry": { "type": "Point", "coordinates": [ -76.99869728, 38.92703082 ] } },
{ "type": "Feature", "properties": { "feature_type": "stop_delivery", "store": "Safeway (3830 GEORGIA AVENUE NW)", "trip": 1, "sequence": 9.0, "address": "503 COLUMBIA ROAD NW", "distance_km": null, "duration_min": null }, "geometry": { "type": "Point", "coordinates": [ -77.01962866, 38.92873121 ] } },
{ "type": "Feature", "properties": { "feature_type": "stop_delivery", "store": "Safeway (3830 GEORGIA AVENUE NW)", "trip": 1, "sequence": 10.0, "address": "3574 11TH STREET NW", "distance_km": null, "duration_min": null }, "geometry": { "type": "Point", "coordinates": [ -77.02881054, 38.93447976 ] } },
{ "type": "Feature", "properties": { "feature_type": "stop_store", "store": "Safeway (3830 GEORGIA AVENUE NW)", "trip": 1, "sequence": 11.0, "address": "3830 GEORGIA AVENUE NW", "distance_km": null, "duration_min": null }, "geometry": { "type": "Point", "coordinates": [ -77.024858831662655, 38.938456370779363 ] } },
{ "type": "Feature", "properties": { "feature_type": "route", "store": "Safeway (322 40TH STREET NE)", "trip": 1, "sequence": null, "address": null, "distance_km": 20.11, "duration_min": 45.6 }, "geometry": { "type": "LineString", "coordinates": [ [ -76.94717, 38.89303 ], [ -76.94688, 38.89349 ], [ -76.94686, 38.89352 ], [ -76.94678, 38.89368 ], [ -76.94664, 38.89402 ], [ -76.94621, 38.89385 ], [ -76.94559, 38.89366 ], [ -76.94454, 38.89344 ], [ -76.94359, 38.89323 ], [ -76.94332, 38.89316 ], [ -76.94261, 38.89293 ], [ -76.94218, 38.89276 ], [ -76.94098, 38.89228 ], [ -76.94063, 38.89213 ], [ -76.9402, 38.89196 ], [ -76.93952, 38.89168 ], [ -76.93921, 38.89153 ], [ -76.93908, 38.89146 ], [ -76.93899, 38.89141 ], [ -76.93886, 38.89132 ], [ -76.93872, 38.89123 ], [ -76.93857, 38.89111 ], [ -76.93841, 38.89098 ], [ -76.93829, 38.89086 ], [ -76.93808, 38.89064 ], [ -76.93796, 38.89072 ], [ -76.93779, 38.89091 ], [ -76.93764, 38.89083 ], [ -76.93725, 38.89061 ], [ -76.93725, 38.89049 ], [ -76.93725, 38.89011 ], [ -76.93679, 38.89014 ], [ -76.93676, 38.89015 ], [ -76.9365, 38.89017 ], [ -76.93676, 38.89015 ], [ -76.93674, 38.88999 ], [ -76.93676, 38.88989 ], [ -76.93687, 38.88989 ], [ -76.93695, 38.88989 ], [ -76.93754, 38.8899 ], [ -76.93766, 38.8899 ], [ -76.93794, 38.88989 ], [ -76.93802, 38.88989 ], [ -76.93818, 38.88981 ], [ -76.93828, 38.88966 ], [ -76.9384, 38.88942 ], [ -76.93852, 38.8893 ], [ -76.93866, 38.88917 ], [ -76.93876, 38.88912 ], [ -76.93902, 38.88897 ], [ -76.9392, 38.88884 ], [ -76.93958, 38.88853 ], [ -76.93965, 38.88846 ], [ -76.93989, 38.8882 ], [ -76.94014, 38.88784 ], [ -76.94027, 38.8876 ], [ -76.94037, 38.88738 ], [ -76.94048, 38.88705 ], [ -76.94052, 38.88683 ], [ -76.94055, 38.88654 ], [ -76.94058, 38.88594 ], [ -76.94061, 38.8857 ], [ -76.94068, 38.88533 ], [ -76.94081, 38.88489 ], [ -76.94105, 38.8843 ], [ -76.94137, 38.88376 ], [ -76.94158, 38.88346 ], [ -76.94168, 38.88354 ], [ -76.94186, 38.88393 ], [ -76.94189, 38.884 ], [ -76.94206, 38.88433 ], [ -76.94189, 38.884 ], [ -76.94186, 38.88393 ], [ -76.94168, 38.88354 ], [ -76.94158, 38.88346 ], [ -76.94174, 38.88326 ], [ -76.94177, 38.88322 ], [ -76.94194, 38.88302 ], [ -76.94203, 38.88293 ], [ -76.94224, 38.88272 ], [ -76.94252, 38.88248 ], [ -76.94298, 38.88211 ], [ -76.94354, 38.88175 ], [ -76.94379, 38.88161 ], [ -76.94436, 38.88134 ], [ -76.94485, 38.88114 ], [ -76.94528, 38.881 ], [ -76.94578, 38.88088 ], [ -76.9459, 38.88085 ], [ -76.94611, 38.88077 ], [ -76.94653, 38.88057 ], [ -76.94713, 38.88027 ], [ -76.94766, 38.87995 ], [ -76.94787, 38.8798 ], [ -76.94819, 38.87956 ], [ -76.94846, 38.87931 ], [ -76.94868, 38.87905 ], [ -76.9489, 38.8787 ], [ -76.94911, 38.87823 ], [ -76.94916, 38.87804 ], [ -76.9492, 38.8778 ], [ -76.9492, 38.87747 ], [ -76.94917, 38.87721 ], [ -76.94912, 38.87696 ], [ -76.94903, 38.87668 ], [ -76.94888, 38.87631 ], [ -76.9488, 38.87617 ], [ -76.94855, 38.87575 ], [ -76.94827, 38.87519 ], [ -76.94814, 38.87484 ], [ -76.94808, 38.87453 ], [ -76.9481, 38.87424 ], [ -76.94816, 38.87402 ], [ -76.94832, 38.87368 ], [ -76.9486, 38.87318 ], [ -76.94868, 38.87289 ], [ -76.9487, 38.87272 ], [ -76.94869, 38.87256 ], [ -76.94855, 38.87177 ], [ -76.94852, 38.87151 ], [ -76.94852, 38.8713 ], [ -76.94855, 38.87107 ], [ -76.94867, 38.87075 ], [ -76.94917, 38.86995 ], [ -76.94929, 38.86969 ], [ -76.94937, 38.86938 ], [ -76.94944, 38.86868 ], [ -76.94947, 38.86852 ], [ -76.94955, 38.86827 ], [ -76.94966, 38.86807 ], [ -76.94979, 38.8679 ], [ -76.94995, 38.86774 ], [ -76.95018, 38.86757 ], [ -76.95037, 38.86747 ], [ -76.95072, 38.86734 ], [ -76.95184, 38.86707 ], [ -76.95221, 38.86695 ], [ -76.95243, 38.86684 ], [ -76.95258, 38.86674 ], [ -76.95276, 38.86659 ], [ -76.95288, 38.86646 ], [ -76.95297, 38.86631 ], [ -76.95329, 38.86645 ], [ -76.95311, 38.86674 ], [ -76.95308, 38.86686 ], [ -76.95306, 38.86703 ], [ -76.9531, 38.8674 ], [ -76.95311, 38.86765 ], [ -76.95308, 38.86787 ], [ -76.95302, 38.86808 ], [ -76.95288, 38.86833 ], [ -76.95277, 38.86846 ], [ -76.95263, 38.86858 ], [ -76.95253, 38.86864 ], [ -76.95224, 38.86876 ], [ -76.95276, 38.8694 ], [ -76.95286, 38.86946 ], [ -76.95253, 38.86982 ], [ -76.95236, 38.87008 ], [ -76.95341, 38.87033 ], [ -76.95332, 38.87046 ], [ -76.9532, 38.87073 ], [ -76.95314, 38.87089 ], [ -76.9531, 38.87112 ], [ -76.95309, 38.87144 ], [ -76.95309, 38.87146 ], [ -76.95309, 38.87144 ], [ -76.9531, 38.87112 ], [ -76.95314, 38.87089 ], [ -76.9532, 38.87073 ], [ -76.95332, 38.87046 ], [ -76.95341, 38.87033 ], [ -76.95236, 38.87008 ], [ -76.95253, 38.86982 ], [ -76.95286, 38.86946 ], [ -76.95276, 38.8694 ], [ -76.95224, 38.86876 ], [ -76.95253, 38.86864 ], [ -76.95263, 38.86858 ], [ -76.95277, 38.86846 ], [ -76.95288, 38.86833 ], [ -76.95302, 38.86808 ], [ -76.95308, 38.86787 ], [ -76.95311, 38.86765 ], [ -76.9531, 38.8674 ], [ -76.95306, 38.86703 ], [ -76.95308, 38.86686 ], [ -76.95311, 38.86674 ], [ -76.95329, 38.86645 ], [ -76.95334, 38.86638 ], [ -76.95304, 38.86625 ], [ -76.9524, 38.86599 ], [ -76.9522, 38.86597 ], [ -76.95188, 38.86584 ], [ -76.9517, 38.86576 ], [ -76.95132, 38.86559 ], [ -76.95106, 38.86578 ], [ -76.95097, 38.86584 ], [ -76.95077, 38.866 ], [ -76.95068, 38.86608 ], [ -76.95056, 38.8662 ], [ -76.95026, 38.86653 ], [ -76.95016, 38.86665 ], [ -76.94981, 38.86704 ], [ -76.94838, 38.86862 ], [ -76.94811, 38.86889 ], [ -76.94803, 38.86897 ], [ -76.94752, 38.86938 ], [ -76.94699, 38.86972 ], [ -76.94678, 38.86983 ], [ -76.9469, 38.86999 ], [ -76.94704, 38.8701 ], [ -76.9469, 38.86999 ], [ -76.94678, 38.86983 ], [ -76.9464, 38.87002 ], [ -76.94602, 38.87017 ], [ -76.94552, 38.87034 ], [ -76.94496, 38.87048 ], [ -76.94472, 38.87053 ], [ -76.94446, 38.87058 ], [ -76.94352, 38.87077 ], [ -76.94231, 38.87102 ], [ -76.942, 38.87108 ], [ -76.9416, 38.87116 ], [ -76.94101, 38.87128 ], [ -76.94067, 38.87135 ], [ -76.9405, 38.87138 ], [ -76.93994, 38.87149 ], [ -76.93974, 38.87155 ], [ -76.93943, 38.87165 ], [ -76.93912, 38.87179 ], [ -76.93888, 38.8719 ], [ -76.93879, 38.87194 ], [ -76.93823, 38.87222 ], [ -76.93748, 38.87258 ], [ -76.93701, 38.8728 ], [ -76.93622, 38.87319 ], [ -76.93585, 38.87333 ], [ -76.93498, 38.87356 ], [ -76.93477, 38.87362 ], [ -76.93471, 38.87363 ], [ -76.93452, 38.87368 ], [ -76.93419, 38.87376 ], [ -76.93397, 38.87381 ], [ -76.93381, 38.87385 ], [ -76.93331, 38.87423 ], [ -76.93304, 38.87444 ], [ -76.93249, 38.87486 ], [ -76.93148, 38.87565 ], [ -76.93145, 38.87567 ], [ -76.93137, 38.87573 ], [ -76.93101, 38.87601 ], [ -76.93055, 38.87637 ], [ -76.93034, 38.87653 ], [ -76.92991, 38.87687 ], [ -76.92946, 38.87722 ], [ -76.92907, 38.87752 ], [ -76.92852, 38.87795 ], [ -76.92826, 38.87815 ], [ -76.92806, 38.87831 ], [ -76.92635, 38.87964 ], [ -76.92621, 38.87979 ], [ -76.9261, 38.87999 ], [ -76.92607, 38.88012 ], [ -76.92603, 38.88049 ], [ -76.92596, 38.88107 ], [ -76.92524, 38.88115 ], [ -76.9246, 38.88123 ], [ -76.92448, 38.88126 ], [ -76.92428, 38.88133 ], [ -76.92402, 38.88146 ], [ -76.92396, 38.8815 ], [ -76.9238, 38.88163 ], [ -76.92233, 38.88278 ], [ -76.92158, 38.88336 ], [ -76.92082, 38.88395 ], [ -76.92022, 38.88442 ], [ -76.91933, 38.88513 ], [ -76.91868, 38.88561 ], [ -76.91856, 38.8857 ], [ -76.91836, 38.88586 ], [ -76.91779, 38.88631 ], [ -76.91702, 38.88691 ], [ -76.9166, 38.88723 ], [ -76.91581, 38.88785 ], [ -76.91506, 38.88843 ], [ -76.91438, 38.88897 ], [ -76.91374, 38.88947 ], [ -76.91346, 38.88968 ], [ -76.91331, 38.8898 ], [ -76.91365, 38.88981 ], [ -76.91538, 38.88981 ], [ -76.91572, 38.8898 ], [ -76.91732, 38.8898 ], [ -76.91778, 38.88981 ], [ -76.91778, 38.89056 ], [ -76.91896, 38.89056 ], [ -76.91921, 38.89059 ], [ -76.91911, 38.89089 ], [ -76.91901, 38.89127 ], [ -76.91889, 38.8918 ], [ -76.91863, 38.8929 ], [ -76.91848, 38.8935 ], [ -76.91849, 38.89355 ], [ -76.91851, 38.89358 ], [ -76.9186, 38.89362 ], [ -76.91909, 38.89374 ], [ -76.91994, 38.89393 ], [ -76.92079, 38.89411 ], [ -76.92091, 38.89376 ], [ -76.92165, 38.89172 ], [ -76.92182, 38.89123 ], [ -76.92277, 38.89135 ], [ -76.92289, 38.89103 ], [ -76.92292, 38.89092 ], [ -76.92293, 38.89078 ], [ -76.92292, 38.89032 ], [ -76.92289, 38.88981 ], [ -76.92605, 38.88982 ], [ -76.92797, 38.88982 ], [ -76.93005, 38.88983 ], [ -76.93049, 38.88983 ], [ -76.93076, 38.88983 ], [ -76.93115, 38.88983 ], [ -76.93167, 38.88983 ], [ -76.93204, 38.88983 ], [ -76.93279, 38.88983 ], [ -76.9328, 38.88989 ], [ -76.93288, 38.89008 ], [ -76.93291, 38.89021 ], [ -76.93291, 38.89043 ], [ -76.93291, 38.8907 ], [ -76.93291, 38.89078 ], [ -76.93291, 38.89096 ], [ -76.93291, 38.89189 ], [ -76.93291, 38.89263 ], [ -76.93342, 38.89269 ], [ -76.93355, 38.89271 ], [ -76.93381, 38.89274 ], [ -76.93438, 38.89281 ], [ -76.93431, 38.89316 ], [ -76.93348, 38.89306 ], [ -76.9334, 38.8934 ], [ -76.93291, 38.89333 ], [ -76.9329, 38.89402 ], [ -76.9329, 38.89408 ], [ -76.9329, 38.89475 ], [ -76.93291, 38.89509 ], [ -76.93294, 38.89529 ], [ -76.93298, 38.89541 ], [ -76.93316, 38.89576 ], [ -76.93321, 38.8959 ], [ -76.93324, 38.89605 ], [ -76.93325, 38.89621 ], [ -76.93324, 38.89641 ], [ -76.93318, 38.89661 ], [ -76.93307, 38.89683 ], [ -76.93289, 38.89705 ], [ -76.93267, 38.89724 ], [ -76.93229, 38.89746 ], [ -76.93216, 38.89756 ], [ -76.93195, 38.89776 ], [ -76.93181, 38.89797 ], [ -76.93172, 38.89817 ], [ -76.93168, 38.89834 ], [ -76.93167, 38.89855 ], [ -76.93167, 38.89868 ], [ -76.93167, 38.89897 ], [ -76.93167, 38.89905 ], [ -76.93167, 38.89909 ], [ -76.93168, 38.89955 ], [ -76.93168, 38.89976 ], [ -76.93168, 38.90014 ], [ -76.93168, 38.90107 ], [ -76.93168, 38.90148 ], [ -76.93168, 38.9019 ], [ -76.93168, 38.9026 ], [ -76.93168, 38.90278 ], [ -76.93167, 38.90303 ], [ -76.93167, 38.90308 ], [ -76.93167, 38.90337 ], [ -76.93167, 38.90345 ], [ -76.93169, 38.90466 ], [ -76.93167, 38.90566 ], [ -76.93167, 38.90607 ], [ -76.93167, 38.90678 ], [ -76.93167, 38.90687 ], [ -76.93167, 38.9072 ], [ -76.93167, 38.90782 ], [ -76.93167, 38.90846 ], [ -76.9317, 38.90853 ], [ -76.93177, 38.90863 ], [ -76.93191, 38.90874 ], [ -76.93215, 38.90892 ], [ -76.93232, 38.90906 ], [ -76.93254, 38.90923 ], [ -76.93141, 38.91012 ], [ -76.93174, 38.91038 ], [ -76.93209, 38.91066 ], [ -76.93275, 38.91117 ], [ -76.93357, 38.91181 ], [ -76.93362, 38.91185 ], [ -76.93394, 38.9121 ], [ -76.93396, 38.91214 ], [ -76.9343, 38.91237 ], [ -76.93433, 38.91234 ], [ -76.93435, 38.91232 ], [ -76.93472, 38.9119 ], [ -76.93481, 38.91179 ], [ -76.93529, 38.91125 ], [ -76.93591, 38.91055 ], [ -76.9362, 38.91023 ], [ -76.93659, 38.90979 ], [ -76.93683, 38.90982 ], [ -76.93785, 38.91014 ], [ -76.93773, 38.91035 ], [ -76.93785, 38.91014 ], [ -76.93683, 38.90982 ], [ -76.93667, 38.9097 ], [ -76.93744, 38.90884 ], [ -76.93767, 38.90859 ], [ -76.93785, 38.90838 ], [ -76.93819, 38.90799 ], [ -76.93853, 38.9076 ], [ -76.93884, 38.90725 ], [ -76.93899, 38.90708 ], [ -76.93926, 38.90677 ], [ -76.93928, 38.90675 ], [ -76.93943, 38.90662 ], [ -76.94004, 38.90591 ], [ -76.94027, 38.90566 ], [ -76.9403, 38.90566 ], [ -76.94044, 38.90565 ], [ -76.94051, 38.90562 ], [ -76.94084, 38.90562 ], [ -76.94138, 38.90562 ], [ -76.94188, 38.90562 ], [ -76.94238, 38.90562 ], [ -76.94288, 38.90562 ], [ -76.9434, 38.90562 ], [ -76.94396, 38.90562 ], [ -76.94577, 38.90563 ], [ -76.94635, 38.90563 ], [ -76.94635, 38.9058 ], [ -76.94635, 38.90563 ], [ -76.94636, 38.90517 ], [ -76.94634, 38.9051 ], [ -76.9463, 38.90503 ], [ -76.94591, 38.9046 ], [ -76.94514, 38.90371 ], [ -76.94514, 38.90359 ], [ -76.94521, 38.90336 ], [ -76.94525, 38.90333 ], [ -76.94528, 38.90327 ], [ -76.94527, 38.90324 ], [ -76.94522, 38.90318 ], [ -76.94514, 38.90316 ], [ -76.9451, 38.90317 ], [ -76.94469, 38.9029 ], [ -76.94441, 38.90274 ], [ -76.94363, 38.9023 ], [ -76.94264, 38.90187 ], [ -76.94305, 38.90156 ], [ -76.94332, 38.90136 ], [ -76.94346, 38.90126 ], [ -76.9443, 38.90058 ], [ -76.94475, 38.90021 ], [ -76.94488, 38.90011 ], [ -76.94505, 38.89997 ], [ -76.94524, 38.89982 ], [ -76.94612, 38.89911 ], [ -76.9463, 38.89896 ], [ -76.94632, 38.89895 ], [ -76.94639, 38.8989 ], [ -76.94649, 38.89876 ], [ -76.94659, 38.89847 ], [ -76.94658, 38.89838 ], [ -76.94667, 38.89815 ], [ -76.94685, 38.89776 ], [ -76.94702, 38.89743 ], [ -76.94734, 38.89696 ], [ -76.94769, 38.89662 ], [ -76.94802, 38.89631 ], [ -76.94806, 38.89627 ], [ -76.94825, 38.8961 ], [ -76.94834, 38.89603 ], [ -76.94842, 38.89596 ], [ -76.94854, 38.89586 ], [ -76.94868, 38.8958 ], [ -76.94878, 38.8957 ], [ -76.94885, 38.89561 ], [ -76.94888, 38.89549 ], [ -76.94775, 38.89498 ], [ -76.94803, 38.89461 ], [ -76.94783, 38.89453 ], [ -76.94741, 38.89435 ], [ -76.94664, 38.89402 ], [ -76.94678, 38.89368 ], [ -76.94686, 38.89352 ], [ -76.94688, 38.89349 ], [ -76.94717, 38.89303 ] ] } },
{ "type": "Feature", "properties": { "feature_type": "stop_store", "store": "Safeway (322 40TH STREET NE)", "trip": 1, "sequence": 0.0, "address": "322 40TH STREET NE", "distance_km": null, "duration_min": null }, "geometry": { "type": "Point", "coordinates": [ -76.947457197059492, 38.893139781622168 ] } },
{ "type": "Feature", "properties": { "feature_type": "stop_delivery", "store": "Safeway (322 40TH STREET NE)", "trip": 1, "sequence": 1.0, "address": "4605 CENTRAL AVENUE NE", "distance_km": null, "duration_min": null }, "geometry": { "type": "Point", "coordinates": [ -76.93648505, 38.89005475 ] } },
{ "type": "Feature", "properties": { "feature_type": "stop_delivery", "store": "Safeway (322 40TH STREET NE)", "trip": 1, "sequence": 2.0, "address": "423 CHAPLIN STREET SE", "distance_km": null, "duration_min": null }, "geometry": { "type": "Point", "coordinates": [ -76.94227759, 38.88425756 ] } },
{ "type": "Feature", "properties": { "feature_type": "stop_delivery", "store": "Safeway (322 40TH STREET NE)", "trip": 1, "sequence": 3.0, "address": "3635 HIGHWOOD DRIVE SE", "distance_km": null, "duration_min": null }, "geometry": { "type": "Point", "coordinates": [ -76.95283707, 38.8714784 ] } },
{ "type": "Feature", "properties": { "feature_type": "stop_delivery", "store": "Safeway (322 40TH STREET NE)", "trip": 1, "sequence": 4.0, "address": "3960 ALABAMA AVENUE SE", "distance_km": null, "duration_min": null }, "geometry": { "type": "Point", "coordinates": [ -76.9472517, 38.86992212 ] } },
{ "type": "Feature", "properties": { "feature_type": "stop_delivery", "store": "Safeway (322 40TH STREET NE)", "trip": 1, "sequence": 5.0, "address": "229 57TH PLACE NE", "distance_km": null, "duration_min": null }, "geometry": { "type": "Point", "coordinates": [ -76.91866495, 38.89176457 ] } },
{ "type": "Feature", "properties": { "feature_type": "stop_delivery", "store": "Safeway (322 40TH STREET NE)", "trip": 1, "sequence": 6.0, "address": "322 56TH STREET NE", "distance_km": null, "duration_min": null }, "geometry": { "type": "Point", "coordinates": [ -76.9211155, 38.89380514 ] } },
{ "type": "Feature", "properties": { "feature_type": "stop_delivery", "store": "Safeway (322 40TH STREET NE)", "trip": 1, "sequence": 7.0, "address": "214 56TH STREET NE", "distance_km": null, "duration_min": null }, "geometry": { "type": "Point", "coordinates": [ -76.92184476, 38.89176098 ] } },
{ "type": "Feature", "properties": { "feature_type": "stop_delivery", "store": "Safeway (322 40TH STREET NE)", "trip": 1, "sequence": 8.0, "address": "4854 BROOKS STREET NE", "distance_km": null, "duration_min": null }, "geometry": { "type": "Point", "coordinates": [ -76.93377042, 38.89291611 ] } },
{ "type": "Feature", "properties": { "feature_type": "stop_delivery", "store": "Safeway (322 40TH STREET NE)", "trip": 1, "sequence": 9.0, "address": "1503 45TH STREET NE", "distance_km": null, "duration_min": null }, "geometry": { "type": "Point", "coordinates": [ -76.93757354, 38.9102958 ] } },
{ "type": "Feature", "properties": { "feature_type": "stop_delivery", "store": "Safeway (322 40TH STREET NE)", "trip": 1, "sequence": 10.0, "address": "4000 MEADE STREET NE", "distance_km": null, "duration_min": null }, "geometry": { "type": "Point", "coordinates": [ -76.94615458, 38.90580272 ] } },
{ "type": "Feature", "properties": { "feature_type": "stop_store", "store": "Safeway (322 40TH STREET NE)", "trip": 1, "sequence": 11.0, "address": "322 40TH STREET NE", "distance_km": null, "duration_min": null }, "geometry": { "type": "Point", "coordinates": [ -76.947457197059492, 38.893139781622168 ] } }
]
}
